Station Map ID,USGS Station Name,USGS Station Number,Date,Time,Sample Type,Silver Filtered (micrograms/L),Aluminum Filtered (micrograms/L),Arsenic Filtered  (micrograms/L),Boron Filtered (micrograms/L),Barium Filtered  (micrograms/L),Beryllium Filtered  (micrograms/L),Bismuth Filtered  (micrograms/L),Calcium Filtered  (mg/L),Cadmium Filtered (micrograms/L),Cerium Filtered (micrograms/L),Cobalt Filtered (micrograms/L),Chromium  Filtered (micrograms/L),Cesium Filtered (micrograms/L),Copper Filtered (micrograms/L),Dysprosium Filtered (micrograms/L),Erbium Filtered (micrograms/L),Europium  Filtered (micrograms/L),Iron Filtered (micrograms/L),Gadolinium Filtered (micrograms/L),Holmium  Filtered (micrograms/L),Potassium  Filtered (mg/L),Lanthanum  Filtered (micrograms/L),Lithium Filtered (micrograms/L),Lutetium Filtered (micrograms/L),Magnesium  Filtered (mg/L),Manganese  Filtered (micrograms/L),Molybdenum Filtered (micrograms/L),Sodium Filtered (mg/L),Neodymium  Filtered (micrograms/L),Nickel Filtered  (micrograms/L),Lead Filtered (micrograms/L),Praesodymium  Filtered (micrograms/L),Rubidium Filtered (micrograms/L),Rhenium  Filtered (micrograms/L),Sulfur Filtered (mg/L),Antimony  Filtered (micrograms/L),Scandium Filtered (micrograms/L),Selenium  Filtered (micrograms/L),Silica Filtered (mg/L as SiO2),Samarium  Filtered (micrograms/L),Tin Filtered (micrograms/L),Strontium  Filtered (micrograms/L),Terbium  Filtered (micrograms/L),Tellurium Filtered  (micrograms/L),Thorium Filtered (micrograms/L),Thallium  Filtered (micrograms/L),Thulium Filtered (micrograms/L),Uranium  Filtered (micrograms/L),Vanadium Filtered (micrograms/L),Tungsten Filtered (micrograms/L),Yttrium Filtered (micrograms/L),Ytterbium Filtered (micrograms/L),Zinc Filtered (micrograms/L),Zirconium Filtered (micrograms/L)
AR-10,AMERICAN R A FAIR OAKS CA,11446500,6/23/2003,11:30,Environmental,ND,4.4,0.25,4.2,11,< 0.005 ,< 0.001 ,5.1,0.004,0.013,0.017,0.09,< 0.001 ,0.48,0.0028,0.002,0.0008,8.4,0.0037,0.0007,0.56,0.013,0.63,0.0005,1.9,7.5,0.21,1.9,0.016,0.67,0.017,0.0037,0.87,0.0003,0.85,0.024,ND,< 0.03 ,11,0.0029,ND,40,0.0005,< 0.006 ,0.0029,0.003,0.0004,0.059,0.42,0.037,0.025,0.0033,0.85,0.016
AR-10,AMERICAN R A FAIR OAKS CA,11446500,6/23/2003,11:31,Laboratory Replicate,ND,4.6,0.24,4.3,11,< 0.005 ,< 0.001 ,5.1,0.005,0.013,0.017,0.1,< 0.001 ,0.51,0.0036,0.0025,0.0006,7.6,0.0032,0.0008,0.57,0.013,0.63,0.0005,1.8,7.4,0.17,1.9,0.016,0.68,0.018,0.0034,0.88,0.0004,0.83,0.022,ND,0.038,11,0.0031,ND,40,0.0006,< 0.006 ,0.0026,< 0.002 ,0.0003,0.057,0.42,0.008,0.025,0.0032,0.81,0.017
AR-10,AMERICAN R A FAIR OAKS CA,11446500,6/23/2003,14:20,Environmental,ND,4.6,0.23,3.5,11,< 0.005 ,< 0.001 ,5.1,0.004,0.013,0.014,< 0.06 ,< 0.001 ,0.41,0.004,0.0027,0.0007,4.6,0.0035,0.0008,0.55,0.014,0.6,0.0005,1.8,0.68,0.17,1.8,0.016,0.6,0.005,0.0036,0.86,0.0005,0.82,0.02,ND,< 0.03 ,11,0.0036,ND,38,0.0005,< 0.006 ,0.0025,< 0.002 ,0.0006,0.059,0.38,0.019,0.026,0.003,0.87,0.019
AR-10,AMERICAN R A FAIR OAKS CA,11446500,6/23/2003,14:21,Laboratory Replicate,ND,4.5,0.23,3.3,11,< 0.005 ,< 0.001 ,5,0.003,0.012,0.013,< 0.06 ,< 0.001 ,0.42,0.0032,0.0026,0.001,4.6,0.0037,0.001,0.55,0.013,0.58,0.0006,1.8,0.72,0.16,1.8,0.019,0.6,0.004,0.0037,0.85,0.0005,0.83,0.02,ND,< 0.03 ,11,0.004,ND,38,0.0006,< 0.006 ,0.0026,< 0.002 ,0.0004,0.058,0.39,0.018,0.025,0.0026,1.1,0.019
AR-11,ALDER C POND A HWY 50 A NIMBUS CA,3.83809E+14,6/18/2003,16:40,Environmental,ND,1.1,2,36,57,< 0.005 ,0.0017,22,< 0.002 ,0.0078,0.093,< 0.06 ,< 0.001 ,0.73,0.0029,0.0062,< 0.0002 ,59,0.0023,0.0012,1.3,0.0063,1.1,0.0028,14,2.6,0.84,14,0.0054,0.47,0.02,0.0012,0.75,0.0021,3.3,0.1,ND,< 0.03 ,28,0.0015,ND,191,0.0002,< 0.006 ,0.0037,0.006,0.0014,0.16,3.5,0.008,0.025,0.011,0.54,0.014
AR-11,ALDER C POND A HWY 50 A NIMBUS CA,3.83809E+14,6/18/2003,16:41,Laboratory Replicate,ND,0.65,2,36,56,< 0.005 ,0.0025,23,0.004,0.0078,0.1,< 0.06 ,< 0.001 ,0.75,0.0029,0.0054,0.0002,59,0.0015,0.0013,1.3,0.0055,1.2,0.0024,15,2.5,0.83,14,0.0048,0.43,0.028,0.0012,0.75,0.0024,3.5,0.12,ND,< 0.03 ,29,0.0014,ND,187,0.0002,< 0.006 ,0.0044,0.005,0.0013,0.17,3.4,0.008,0.025,0.011,0.43,0.019
AR-11,ALDER C POND A HWY 50 A NIMBUS CA,3.83809E+14,6/18/2003,17:50,Environmental,ND,4.5,2.3,35,48,< 0.005 ,0.0025,20,0.003,0.012,0.13,< 0.06 ,< 0.001 ,0.87,0.0025,0.0036,0.0014,43,0.0019,0.0007,1.4,0.0072,1.1,0.0025,14,6.3,0.92,14,0.008,0.46,0.037,0.0017,0.78,0.002,3.3,0.12,ND,< 0.03 ,27,0.002,ND,176,0.0003,< 0.006 ,0.0026,0.014,0.0011,0.21,4.8,0.015,0.02,0.0098,0.84,0.015
AR-11,ALDER C POND A HWY 50 A NIMBUS CA,3.83809E+14,6/18/2003,17:51,Laboratory Replicate,ND,3.8,2.3,35,48,< 0.005 ,0.0012,20,0.002,0.01,0.13,< 0.06 ,< 0.001 ,0.87,0.002,0.0042,< 0.0002 ,37,0.0012,0.0008,1.4,0.0066,1.1,0.0023,14,5.5,0.84,14,0.0063,0.5,0.026,0.0013,0.77,0.0018,3.3,0.11,ND,< 0.03 ,27,0.0018,ND,175,0.0003,< 0.006 ,0.0022,0.006,0.0011,0.21,4.9,0.015,0.018,0.01,0.84,0.013
AR-12,ALDER C A PRAIRIE CITY RD NR FOLSOM CA,3.83824E+14,6/19/2003,14:20,Environmental,ND,0.55,3.2,34,45,< 0.005 ,0.0018,33,0.002,0.0077,0.098,< 0.06 ,< 0.001 ,0.95,0.0026,0.006,< 0.0002 ,25,0.0022,0.0011,0.87,0.0049,3.4,0.0027,21,21,0.6,15,0.0055,1,0.017,0.0015,0.54,0.0037,5.1,0.098,ND,0.12,23,0.0015,ND,201,0.0004,0.008,0.0015,0.005,0.0014,0.12,2.5,0.01,0.022,0.012,0.88,0.015
AR-12,ALDER C A PRAIRIE CITY RD NR FOLSOM CA,3.83824E+14,6/19/2003,14:21,Laboratory Replicate,ND,0.02,3.2,33,44,0.007,< 0.001 ,33,0.003,0.0078,0.1,< 0.06 ,< 0.001 ,0.98,0.0026,0.0063,0.0008,26,0.0027,0.0011,0.86,0.0054,3.4,0.0026,21,21,0.6,15,0.0067,0.97,0.018,0.0014,0.54,0.0036,5.1,0.093,ND,0.1,23,0.0018,ND,200,0.0003,0.01,0.0013,0.004,0.0014,0.12,2.5,0.01,0.022,0.011,1.2,0.013
AR-13,ALDER C A FOLSOM BLVD NR NIMBUS CA,3.83816E+14,6/19/2003,9:40,Environmental,ND,0.34,2,38,68,< 0.005 ,< 0.001 ,27,< 0.002 ,0.0086,0.06,0.06,< 0.001 ,0.6,0.0016,0.0019,0.0003,101,0.0019,0.0004,1,0.0052,1.7,0.0009,17,41,0.64,15,0.006,0.44,0.016,0.001,0.66,0.0029,3.7,0.065,ND,< 0.03 ,36,0.0013,ND,233,0.0002,< 0.006 ,0.0009,0.004,0.0004,0.14,2.3,0.005,0.011,0.0041,0.45,0.012
AR-13,ALDER C A FOLSOM BLVD NR NIMBUS CA,3.83816E+14,6/19/2003,9:41,Laboratory Replicate,ND,< 0.02 ,2,38,66,< 0.005 ,< 0.001 ,27,< 0.002 ,0.0075,0.06,0.06,< 0.001 ,0.56,0.0015,0.0018,< 0.0002 ,98,0.0014,0.0003,1,0.0046,1.6,0.001,17,41,0.65,15,0.0055,0.39,0.014,0.0011,0.67,0.0025,3.6,0.058,ND,< 0.03 ,36,0.0015,ND,229,0.0001,< 0.006 ,0.002,0.006,0.0004,0.14,2.3,0.004,0.011,0.0043,0.49,0.014
AR-14,UNNAMED TRIB TO ALDER C NR FOLSOM CA,3.83834E+14,6/20/2003,12:10,Environmental,ND,0.4,2.3,28,27,< 0.005 ,< 0.001 ,34,< 0.002 ,0.0036,0.11,0.11,< 0.001 ,1.2,0.003,0.0084,0.0003,8.2,0.0021,0.0015,0.64,0.0033,3.8,0.0023,21,6.7,0.65,16,0.0048,1.1,0.011,0.0008,0.38,0.004,6.2,0.1,ND,0.23,22,0.0015,ND,193,0.0002,0.01,0.0014,0.005,0.0018,0.14,1.7,0.009,0.026,0.014,0.75,0.01
AR-14,UNNAMED TRIB TO ALDER C NR FOLSOM CA,3.83834E+14,6/20/2003,12:11,Laboratory Replicate,ND,< 0.02 ,2.4,28,26,< 0.005 ,< 0.001 ,34,< 0.002 ,0.0033,0.11,0.11,< 0.001 ,1.2,0.0036,0.0079,0.0008,8.7,0.0018,0.0016,0.65,0.0028,3.9,0.0027,21,6.5,0.68,16,0.0039,0.94,0.011,0.001,0.38,0.0044,6.3,0.1,ND,0.22,22,0.0023,ND,194,0.0003,< 0.006 ,0.0015,0.003,0.0017,0.14,1.7,0.007,0.026,0.015,0.97,0.012
AR-15,WILLOW C .1 MI US LK NATOMA NR FOLSOM CA,3.83859E+14,6/19/2003,11:50,Environmental,ND,0.47,2.2,55,31,< 0.005 ,< 0.001 ,21,< 0.002 ,0.0076,0.076,< 0.06 ,0.009,0.81,0.0019,0.0028,< 0.0002 ,32,0.0015,0.0007,0.71,0.004,2.7,0.0016,14,28,0.44,11,0.004,0.82,0.014,0.001,0.5,0.0011,3.5,0.098,ND,< 0.03 ,29,0.001,ND,145,0.0002,< 0.006 ,0.0011,0.008,0.0007,0.058,3.3,0.041,0.016,0.0069,0.55,0.0087
AR-15,WILLOW C .1 MI US LK NATOMA NR FOLSOM CA,3.83859E+14,6/19/2003,11:51,Laboratory Replicate,ND,0.47,2.1,54,31,< 0.005 ,< 0.001 ,20,< 0.002 ,0.0082,0.077,< 0.06 ,0.008,0.81,0.0023,0.0031,< 0.0002 ,35,0.0011,0.0005,0.7,0.0043,2.6,0.0017,14,27,0.41,11,0.0046,0.77,0.015,0.001,0.49,0.0013,3.5,0.095,ND,< 0.03 ,29,0.0011,ND,145,0.0002,< 0.006 ,0.0012,0.008,0.0007,0.058,3.3,0.039,0.016,0.0069,0.64,0.0065
AR-16,WILLOW C A E BIDWELL ST NR FOLSOM CA,3.84006E+14,6/20/2003,10:10,Environmental,ND,0.27,1.7,36,23,< 0.005 ,< 0.001 ,24,< 0.002 ,0.0066,0.087,0.13,0.068,0.73,0.0022,0.0024,0.0006,23,0.002,0.0006,0.63,0.0039,2.1,0.0012,19,8.7,0.31,10,0.0054,1.1,0.01,0.001,0.46,0.0015,2.6,0.064,ND,< 0.03 ,23,0.002,ND,110,0.0003,< 0.006 ,0.0011,0.004,0.0004,0.035,1.6,0.054,0.015,0.0057,1.1,0.011
AR-16,WILLOW C A E BIDWELL ST NR FOLSOM CA,3.84006E+14,6/20/2003,10:11,Laboratory Replicate,ND,0.63,1.8,34,24,< 0.005 ,< 0.001 ,23,0.004,0.0069,0.087,0.14,0.076,0.79,0.002,0.0027,0.0004,23,0.0015,0.0006,0.63,0.0041,2,0.0012,18,8.4,0.31,10,0.0056,1.1,0.017,0.0016,0.47,0.0017,2.5,0.062,ND,< 0.03 ,23,0.0023,ND,109,0.0004,< 0.006 ,0.0011,0.005,0.0006,0.034,1.6,0.046,0.015,0.0058,1.2,0.01
AR-17,WILLOW C A GOLF LINKS DRIVE NR FOLSOM CA,3.8403E+14,6/20/2003,15:10,Environmental,ND,0.6,0.92,16,13,< 0.005 ,0.0024,21,< 0.002 ,0.006,0.09,0.27,< 0.001 ,1.2,0.0033,0.0022,0.0004,26,0.0027,0.0006,0.81,0.004,1.2,0.001,20,4.8,0.36,8.5,0.0068,1.3,0.007,0.001,0.51,0.0022,3.9,0.068,ND,< 0.03 ,26,0.0016,ND,74,0.0004,< 0.006 ,0.0013,0.003,0.0007,0.024,2.7,0.011,0.021,0.005,1.1,0.0093
AR-17,WILLOW C A GOLF LINKS DRIVE NR FOLSOM CA,3.8403E+14,6/20/2003,15:11,Laboratory Replicate,ND,0.48,0.92,14,13,< 0.005 ,< 0.001 ,21,< 0.002 ,0.0059,0.088,0.25,< 0.001 ,1.2,0.0026,0.0033,0.0004,27,0.0025,0.0007,0.8,0.0041,1.2,0.0009,20,4.8,0.37,8.6,0.0067,1.1,0.009,0.0012,0.51,0.0018,3.9,0.061,ND,< 0.03 ,26,0.0017,ND,73,0.0003,< 0.006 ,0.0008,< 0.002 ,0.0007,0.025,2.7,0.009,0.019,0.005,1.2,0.013
AR-18,WILLOW C A LK NATOMA NR FOLSOM CA,3.83859E+14,6/18/2003,12:30,Environmental,ND,6.3,0.48,5.1,8.1,< 0.005 ,0.0019,5.3,< 0.002 ,0.018,0.07,0.69,0.004,0.44,0.0033,0.0023,0.0005,60,0.0041,0.0007,0.61,0.013,0.67,0.0006,1.9,46,0.31,1.9,0.016,0.74,0.029,0.0034,0.87,0.0005,0.8,0.033,ND,< 0.03 ,11,0.0024,ND,41,0.0006,< 0.006 ,0.0045,0.007,0.0003,0.064,0.59,0.011,0.023,0.0023,0.41,0.02
AR-18,WILLOW C A LK NATOMA NR FOLSOM CA,3.83859E+14,6/18/2003,12:31,Laboratory Replicate,ND,6.1,0.45,4.6,8.2,< 0.005 ,< 0.001 ,5.2,< 0.002 ,0.019,0.068,0.66,< 0.001 ,0.41,0.0035,0.0021,0.0009,57,0.0028,0.0007,0.58,0.013,0.67,0.0005,1.9,46,0.25,1.9,0.016,0.75,0.016,0.0035,0.86,0.0004,0.8,0.023,ND,0.034,11,0.003,ND,40,0.0007,< 0.006 ,0.0037,0.007,0.0003,0.061,0.6,0.01,0.022,0.0028,0.36,0.017
AR-18,WILLOW C A LK NATOMA NR FOLSOM CA,3.83859E+14,6/18/2003,13:10,Environmental,ND,3.9,0.7,15,15,< 0.005 ,< 0.001 ,8.5,0.006,0.015,0.049,< 0.06 ,< 0.001 ,0.52,0.0028,0.0022,0.0008,39,0.0027,0.0007,0.61,0.01,1.1,0.0006,4.5,30,0.25,3.8,0.012,0.62,0.015,0.0026,0.8,0.0005,1.4,0.034,ND,< 0.03 ,15,0.0033,ND,63,0.0004,< 0.006 ,0.0028,0.004,0.0004,0.061,1.2,0.017,0.019,0.0031,0.7,0.013
AR-18,WILLOW C A LK NATOMA NR FOLSOM CA,3.83859E+14,6/18/2003,13:11,Laboratory Replicate,ND,4,0.71,15,15,< 0.005 ,< 0.001 ,8.5,0.004,0.015,0.049,0.06,< 0.001 ,0.55,0.0033,0.002,0.0006,39,0.0031,0.0008,0.62,0.0091,1.1,0.0006,4.5,30,0.25,3.7,0.011,0.62,0.016,0.0025,0.79,0.0006,1.4,0.04,ND,< 0.03 ,15,0.0031,ND,63,0.0006,< 0.006 ,0.0021,< 0.002 ,0.0005,0.06,1.2,0.016,0.019,0.0035,0.81,0.015
AR-19,WILLOW C A SIBLEY RD NR FOLSOM CA,3.83927E+14,6/19/2003,16:00,Environmental,ND,0.87,3.2,70,28,< 0.005 ,< 0.001 ,20,0.003,0.01,0.069,0.1,0.074,1.1,0.0023,0.0038,< 0.0002 ,37,0.0021,0.0008,0.79,0.0054,4.1,0.0017,14,16,0.44,11,0.0063,0.71,0.016,0.0014,0.5,0.0018,3.9,0.095,ND,< 0.03 ,27,0.0013,ND,132,0.0004,< 0.006 ,0.0008,0.005,0.0007,0.062,5.7,0.12,0.022,0.0067,0.59,0.0086
AR-19,WILLOW C A SIBLEY RD NR FOLSOM CA,3.83927E+14,6/19/2003,16:01,Laboratory Replicate,ND,0.9,3.2,71,29,< 0.005 ,0.0011,20,0.01,0.011,0.07,0.09,0.076,1.2,0.0031,0.0037,< 0.0002 ,41,0.0019,0.0007,0.79,0.0061,4,0.0015,14,16,0.43,11,0.0065,0.72,0.02,0.0016,0.5,0.0015,3.8,0.091,ND,< 0.03 ,27,0.002,ND,131,0.0004,< 0.006 ,0.0015,0.005,0.0008,0.06,5.7,0.14,0.021,0.0077,0.7,0.0085
BR-03,BEAR R BL DUTCH FLAT AFTERBAY NR DUTCH FLAT CA,11421790,9/30/1999,13:00,Environmental,0.031,4.9,0.75,< 275,28,< 0.03,0.0008,ND,0.008,0.12,1.2,< 0.1,0.002,0.4,0.0072,0.0044,0.0027,ND,0.009,0.0013,ND,0.052,0.15,0.0007,ND,576,0.73,ND,0.06,5.7,0.17,0.014,0.98,0.0007,ND,0.057,ND,< 0.1,ND,0.011,ND,42,0.0013,< 0.01,0.0019,0.007,0.0005,0.029,0.71,ND,0.0035,0.039,1.4,ND
BR-03,BEAR R BL DUTCH FLAT AFTERBAY NR DUTCH FLAT CA,11421790,9/30/1999,13:01,Laboratory Replicate,< 0.01,4.7,0.71,< 275,28,< 0.03,0.0016,ND,0.011,0.12,1.2,0.13,0.003,0.5,0.0068,0.0042,0.0031,ND,0.0095,0.0012,ND,0.052,0.17,0.0005,ND,593,0.69,ND,0.059,5.6,0.17,0.014,0.99,0.0004,ND,0.062,ND,< 0.1,ND,0.0091,ND,44,0.0011,< 0.01,0.0015,0.006,0.0006,0.027,0.68,ND,0.0039,0.039,1.4,ND
BR-03,BEAR R BL DUTCH FLAT AFTERBAY NR DUTCH FLAT CA,11421790,10/1/1999,17:50,Environmental,< 0.01,6.4,0.58,< 275,22,< 0.03,< 0.0006,ND,0.008,0.098,0.8,< 0.1,0.002,0.5,0.0059,0.0039,0.0024,ND,0.009,0.0013,ND,0.045,0.21,0.0005,ND,334,0.85,ND,0.051,4.3,0.12,0.011,0.96,0.0004,ND,0.046,ND,< 0.1,ND,0.01,ND,42,0.0008,< 0.01,0.0016,0.007,0.0005,0.023,0.57,ND,0.0033,0.037,0.91,ND
BR-03,BEAR R BL DUTCH FLAT AFTERBAY NR DUTCH FLAT CA,11421790,10/1/1999,17:51,Laboratory Replicate,0.023,6,0.56,< 275,23,< 0.03,< 0.0006,ND,0.007,0.1,0.8,< 0.1,0.003,0.4,0.0065,0.0039,0.0031,ND,0.0073,0.0012,ND,0.043,0.17,0.0005,ND,337,0.83,ND,0.048,4.2,0.12,0.012,0.95,0.0004,ND,0.043,ND,< 0.1,ND,0.0084,ND,41,0.0011,< 0.01,0.0012,0.007,0.0005,0.025,0.56,ND,0.0035,0.035,0.76,ND
BR-04,BEAR R AB GRVL PLNT AB STEEPHOLLOW C CHICAGO PARK,3.91038E+14,1/26/2000,11:50,Environmental,ND,52,< 20,6,15,< 0.07,0.0129,6.1,0.019,0.16,0.15,< 0.4,< 0.2,0.65,0.028,0.018,0.0077,66,0.032,0.0059,0.51,0.12,0.77,0.0016,2.6,4.5,0.29,2,0.16,10,0.052,0.037,0.78,0.0028,3,0.046,< 0.3,< 0.2,9.4,0.031,3.7,40,0.0043,< 0.05,0.013,0.003,0.0017,0.015,< 2,< 0.008,0.17,0.014,7.4,0.029
BR-04,BEAR R AB GRVL PLNT AB STEEPHOLLOW C CHICAGO PARK,3.91038E+14,1/26/2000,11:51,Laboratory Replicate,ND,54,< 20,5.1,15,< 0.07,0.0041,5.9,0.018,0.15,0.17,< 0.4,< 0.2,0.65,0.023,0.017,0.0082,65,0.028,0.0057,0.49,0.11,0.73,0.0018,2.4,4.1,0.32,1.9,0.15,10,0.046,0.033,0.75,0.0018,3,0.049,< 0.3,< 0.2,9.4,0.032,1.6,40,0.0052,< 0.05,0.015,0.004,0.0018,0.015,< 2,< 0.008,0.16,0.014,2.8,0.025
BR-06,BEAR R BL WOLF C NR LUCAS HILL CA,3.90107E+14,8/17/2000,12:30,Environmental,ND,3.4,1.5,< 20 ,15,< 0.2 ,< 0.003 ,9.9,0.03,0.008,0.057,< 3.0 ,< 0.02 ,1.4,< 0.005 ,< 0.005 ,< 0.003 ,24,0.0046,< 0.0009 ,0.53,0.0071,< 0.4 ,< 0.001 ,4.7,12,0.62,4.5,< 0.01 ,1.8,0.045,0.0013,0.82,< 0.003 ,1.5,0.05,ND,< 4 ,10,0.0068,ND,54,< 0.001 ,< 0.08 ,< 0.001 ,0.012,< 0.001 ,0.022,1.6,ND,0.019,< 0.003 ,1.1,< 0.01 
BR-06,BEAR R BL WOLF C NR LUCAS HILL CA,3.90107E+14,8/17/2000,12:31,Laboratory Replicate,ND,3.6,1.5,< 20 ,15,< 0.2 ,< 0.003 ,9.5,0.03,0.008,0.069,< 3.0 ,< 0.02 ,1.3,< 0.005 ,< 0.005 ,< 0.003 ,26,0.0052,0.0012,0.52,0.0074,< 0.4 ,< 0.001 ,3.8,12,0.62,4.6,< 0.01 ,1.6,0.038,0.0028,0.84,< 0.003 ,1.2,0.045,ND,< 4 ,10,0.004,ND,54,< 0.001 ,< 0.08 ,< 0.001 ,0.013,< 0.001 ,0.021,1.6,ND,0.021,< 0.003 ,1.1,0.013
BR-07,BEAR R NR WHEATLAND CA,11424000,6/23/1999,11:00,Environmental,< 0.002,2.7,0.58,5.9,16,< 0.005,< 0.0008,ND,0.0048,0.016,0.024,< 0.1,< 0.003,1.1,0.0026,0.0018,0.0008,ND,0.0027,0.0006,ND,0.0088,0.29,0.0003,ND,7.1,0.36,ND,0.011,1.1,0.017,0.0026,0.57,0.0012,ND,0.044,ND,< 0.08,ND,0.003,ND,50,0.0004,< 0.004,0.0004,0.004,0.0002,0.017,1.1,ND,0.0015,0.018,0.41,ND
BR-07,BEAR R NR WHEATLAND CA,11424000,6/23/1999,11:01,Laboratory Replicate,0.002,2.9,0.58,5.3,16,< 0.005,0.0009,ND,0.0075,0.015,0.022,< 0.1,0.005,1.2,0.0018,0.0018,< 0.0001,ND,0.0025,0.0006,ND,0.0096,0.29,0.0003,ND,7.1,0.35,ND,0.012,1.1,0.019,0.0025,0.56,0.0008,ND,0.048,ND,< 0.08,ND,0.0029,ND,48,0.0004,< 0.004,0.0004,0.003,0.0002,0.017,1.1,ND,0.0017,0.018,0.83,ND
BR-08,BEAR R A PLEASANT GROVE RD NR SHERIDAN CA,3.85904E+14,3/19/2003,11:30,Environmental,ND,7.5,0.46,4.9,12,< 0.005 ,< 0.0008 ,6.8,0.005,0.023,0.025,< 0.06 ,< 0.003 ,1.8,0.0075,0.0051,0.0021,19,0.0078,0.0014,0.74,0.017,0.22,0.001,2.8,1.6,0.29,3.1,0.026,0.91,0.014,0.0051,0.64,0.0011,1.9,0.039,ND,0.079,9.3,0.0069,ND,40,0.0011,< 0.006 ,0.0032,0.004,0.0008,0.017,0.51,0.009,0.052,0.0047,1,0.016
BR-08,BEAR R A PLEASANT GROVE RD NR SHERIDAN CA,3.85904E+14,3/19/2003,11:31,Laboratory Replicate,ND,7.1,0.46,4.9,12,< 0.005 ,0.0008,6.8,0.005,0.023,0.023,< 0.06 ,< 0.003 ,1.8,0.0067,0.0045,0.0016,18,0.0079,0.0016,0.73,0.017,0.22,0.0009,2.8,1.5,0.27,3,0.027,0.93,0.014,0.0054,0.63,0.0009,1.9,0.04,ND,< 0.07 ,9.3,0.0065,ND,39,0.0011,< 0.006 ,0.0032,0.005,0.0007,0.017,0.47,0.009,0.05,0.0047,1,0.024
BR-40,GREENHORN C A YOU BET RD BRDG NR NEVADA CITY CA,3.91116E+14,1/22/2002,11:10,Environmental,ND,17,1.4,3.5,23,< 0.008 ,< 0.001 ,6,0.13,0.17,1.9,< 0.04 ,0.006,0.51,0.019,0.013,0.0062,41,0.023,0.0043,0.6,0.076,0.85,0.0016,2.7,91,0.1,2,0.12,5.3,0.014,0.026,0.98,0.0023,5,0.064,ND,0.11,13,0.025,ND,42,0.0035,< 0.007 ,< 0.001 ,0.012,0.0017,0.017,0.1,0.005,0.12,0.01,4.5,0.01
BR-40,GREENHORN C A YOU BET RD BRDG NR NEVADA CITY CA,3.91116E+14,1/22/2002,11:11,Laboratory Replicate,ND,17,1.4,3,23,0.01,< 0.001 ,5.1,0.12,0.17,1.9,0.05,0.007,0.53,0.02,0.011,0.0056,50,0.024,0.004,0.6,0.074,0.81,0.0016,2,81,0.081,1.9,0.11,5.2,0.017,0.025,0.96,0.0027,4.4,0.12,ND,0.095,11,0.024,ND,41,0.0034,< 0.007 ,0.0015,0.011,0.0017,0.016,0.1,0.007,0.12,0.0099,4.8,0.01
BR-40,GREENHORN C A YOU BET RD BRDG NR NEVADA CITY CA,3.91116E+14,2/6/2002,11:00,Environmental,ND,12,1.4,3.5,23,0.007,< 0.001 ,5.3,0.13,0.1,1.7,< 0.06 ,0.01,0.58,0.011,0.0073,0.0033,23,0.014,0.0025,0.59,0.047,0.78,0.001,2.1,83,0.13,1.9,0.068,5.3,0.012,0.016,0.97,0.0031,4.3,0.12,ND,0.084,13,0.013,ND,42,0.0021,< 0.008 ,< 0.001 ,0.01,0.0009,0.013,< 0.08 ,0.018,0.076,0.0065,5.7,0.019
BR-40,GREENHORN C A YOU BET RD BRDG NR NEVADA CITY CA,3.91116E+14,2/6/2002,11:01,Laboratory Replicate,ND,11,1.4,2.9,24,0.006,0.0019,5.2,0.13,0.11,1.4,< 0.06 ,0.009,0.56,0.011,0.0075,0.0035,22,0.014,0.0024,0.58,0.052,0.77,0.0013,2.1,81,0.092,1.9,0.072,4.9,0.012,0.015,0.98,0.0029,4.2,0.13,ND,0.067,13,0.014,ND,42,0.0022,< 0.008 ,0.0021,0.012,0.001,0.013,0.08,0.021,0.078,0.0066,5.7,0.013
BR-40,GREENHORN C A YOU BET RD BRDG NR NEVADA CITY CA,3.91116E+14,3/12/2002,13:20,Environmental,ND,15,1.2,3.7,18,< 0.007 ,0.0042,3.5,0.047,0.28,0.99,< 0.1 ,< 0.006 ,0.42,0.037,0.025,0.012,19,0.048,0.008,0.58,0.11,0.62,0.0032,1.5,50,0.12,1.5,0.23,3,0.015,0.046,0.95,0.0013,2.4,0.064,ND,0.077,13,0.047,ND,31,0.0066,< 0.007 ,0.003,0.017,0.0035,0.012,0.26,0.006,0.25,0.02,2,0.018
BR-40,GREENHORN C A YOU BET RD BRDG NR NEVADA CITY CA,3.91116E+14,3/12/2002,13:21,Laboratory Replicate,ND,13,1.2,3.1,18,< 0.007 ,0.0051,3.6,0.046,0.28,1,< 0.1 ,< 0.006 ,0.39,0.036,0.024,0.012,17,0.043,0.0088,0.58,0.11,0.64,0.0034,1.5,51,0.16,1.6,0.22,3,0.014,0.045,0.96,0.0012,2.5,0.062,ND,0.063,13,0.049,ND,31,0.0063,< 0.007 ,0.0042,0.014,0.003,0.012,0.25,0.004,0.25,0.018,1.6,0.02
BR-40,GREENHORN C A YOU BET RD BRDG NR NEVADA CITY CA,3.91116E+14,4/9/2002,14:00,Environmental,ND,20,2.3,3.9,23,< 0.006 ,0.0019,4.6,0.093,0.15,1.4,< 0.05 ,< 0.009 ,0.71,0.016,0.01,0.0055,32,0.021,0.004,0.63,0.069,0.88,0.0015,1.9,68,0.15,1.7,0.098,3.9,0.025,0.022,1.1,0.0021,3.3,0.066,ND,0.1,14,0.022,ND,38,0.0031,< 0.004 ,0.0022,0.014,0.0013,0.015,0.21,0.009,0.11,0.0076,9.7,0.0084
BR-40,GREENHORN C A YOU BET RD BRDG NR NEVADA CITY CA,3.91116E+14,4/9/2002,14:01,Laboratory Replicate,ND,21,2.3,3.5,22,0.008,0.0036,4.6,0.096,0.16,1.3,< 0.05 ,< 0.009 ,0.7,0.019,0.011,0.0046,35,0.022,0.0041,0.61,0.072,0.81,0.0014,1.8,67,0.13,1.7,0.1,3.8,0.029,0.023,1,0.0017,3.3,0.064,ND,0.11,13,0.023,ND,38,0.0032,< 0.004 ,< 0.0005 ,0.014,0.0013,0.015,0.2,0.008,0.12,0.0088,9.4,0.0061
BR-40,GREENHORN C A YOU BET RD BRDG NR NEVADA CITY CA,3.91116E+14,5/6/2002,13:20,Environmental,ND,20,2.4,4.8,23,< 0.005 ,< 0.002 ,5.3,0.078,0.17,1.2,< 0.1 ,< 0.007 ,0.5,0.017,0.0091,0.0042,54,0.021,0.004,0.62,0.076,0.94,0.0012,2.1,76,0.11,1.9,0.099,3,0.04,0.024,1.2,0.0021,4,0.062,ND,0.092,14,0.018,ND,42,0.0028,< 0.004 ,< 0.0007 ,0.015,0.0013,0.013,0.23,0.007,0.1,0.0075,2.1,< 0.03 
BR-40,GREENHORN C A YOU BET RD BRDG NR NEVADA CITY CA,3.91116E+14,5/6/2002,13:21,Laboratory Replicate,ND,20,2.4,3.1,23,< 0.005 ,< 0.002 ,5.1,0.082,0.17,1.1,< 0.1 ,< 0.007 ,0.5,0.018,0.01,0.0041,54,0.022,0.0034,0.61,0.079,0.95,0.0012,2,74,0.12,1.9,0.11,3,0.044,0.025,1.1,0.0026,3.9,0.067,ND,0.11,14,0.021,ND,41,0.0029,< 0.004 ,< 0.0007 ,0.018,0.0015,0.013,0.23,0.008,0.1,0.0078,2.1,< 0.03 
BR-40,GREENHORN C A YOU BET RD BRDG NR NEVADA CITY CA,3.91116E+14,6/17/2002,11:40,Environmental,ND,9.4,2.2,4.9,28,< 0.008 ,0.0011,5.4,0.092,0.11,1.4,0.1,0.017,0.49,0.012,0.0062,0.0029,79,0.014,0.0024,0.71,0.054,0.86,0.0008,2.1,139,0.18,2.1,0.067,3.2,0.083,0.016,1.4,0.0033,4.5,0.072,ND,0.13,13,0.014,ND,46,0.0021,< 0.005 ,0.0021,0.02,0.0008,0.0078,0.19,0.004,0.079,0.0054,4,0.0065
BR-40,GREENHORN C A YOU BET RD BRDG NR NEVADA CITY CA,3.91116E+14,6/17/2002,11:41,Laboratory Replicate,ND,8.6,2.3,4.8,29,< 0.008 ,< 0.001 ,5.6,0.091,0.098,1.4,< 0.07 ,0.019,0.45,0.011,0.0068,0.0023,73,0.013,0.0022,0.72,0.048,0.8,0.0009,2.2,142,0.12,2,0.064,3.3,0.055,0.014,1.4,0.0034,4.4,0.071,ND,0.13,14,0.013,ND,47,0.002,< 0.005 ,0.0012,0.019,0.0008,0.0071,0.19,0.005,0.073,0.0052,2.6,0.0049
BR-40,GREENHORN C A YOU BET RD BRDG NR NEVADA CITY CA,3.91116E+14,7/8/2002,13:00,Environmental,ND,8.5,1.8,5.6,28,< 0.008 ,< 0.001 ,5.3,0.067,0.068,0.91,< 0.07 ,0.019,0.58,0.0077,0.004,0.0023,71,0.0089,0.0015,0.78,0.035,0.71,0.0005,2.1,144,0.18,2.1,0.045,2.3,0.025,0.0095,1.5,0.004,4.6,0.073,ND,0.17,13,0.0086,ND,46,0.0015,< 0.005 ,0.0022,0.023,0.0006,0.0061,0.22,0.003,0.053,0.0038,1.7,0.0082
BR-40,GREENHORN C A YOU BET RD BRDG NR NEVADA CITY CA,3.91116E+14,7/8/2002,13:01,Laboratory Replicate,ND,8.3,1.8,5.6,27,< 0.008 ,< 0.001 ,5.4,0.066,0.067,0.9,< 0.07 ,0.018,0.52,0.0065,0.0052,0.002,71,0.0091,0.0016,0.75,0.034,0.71,0.0004,2.1,142,0.16,2.1,0.044,2.3,0.023,0.0095,1.5,0.0033,4.6,0.076,ND,0.12,13,0.0091,ND,45,0.0013,< 0.005 ,0.0016,0.021,0.0005,0.0056,0.22,0.005,0.053,0.0036,1.5,0.0046
BR-40,GREENHORN C A YOU BET RD BRDG NR NEVADA CITY CA,3.91116E+14,8/20/2002,13:20,Environmental,ND,2.2,1.2,6.2,33,< 0.007 ,0.0043,5.1,0.038,0.023,0.56,< 0.1 ,< 0.006 ,0.28,0.0035,0.0017,0.0007,74,0.0036,0.0004,0.76,0.016,0.49,0.0003,2.1,172,0.17,2.1,0.018,1.6,0.015,0.004,1.4,0.0051,5.3,0.062,ND,0.16,12,0.0043,ND,44,0.0006,< 0.007 ,0.0013,0.026,0.0003,0.0036,0.2,0.004,0.027,0.0019,1.7,0.0035
BR-40,GREENHORN C A YOU BET RD BRDG NR NEVADA CITY CA,3.91116E+14,8/20/2002,13:21,Laboratory Replicate,ND,2.2,1.2,5.9,32,< 0.007 ,0.0024,5.1,0.04,0.022,0.57,< 0.1 ,< 0.006 ,0.29,0.0035,0.0025,0.0012,73,0.0042,0.0008,0.77,0.014,0.52,0.0004,2.1,171,0.16,2.1,0.018,1.6,0.012,0.0038,1.5,0.0048,5.3,0.066,ND,0.1,12,0.0041,ND,44,0.0005,< 0.007 ,0.0029,0.025,0.0003,0.003,0.18,0.004,0.029,0.0018,1.8,0.0055
BR-40,GREENHORN C A YOU BET RD BRDG NR NEVADA CITY CA,3.91116E+14,9/9/2002,10:00,Environmental,ND,1.6,0.87,5.6,34,< 0.006 ,< 0.002 ,5.1,0.04,0.014,0.8,0.18,0.013,0.35,0.0024,0.0013,< 0.0004 ,50,0.0025,0.0005,0.75,0.011,0.47,0.0004,2.2,197,0.12,2.1,0.013,4.8,0.02,0.0025,1.4,0.0043,5.1,0.054,ND,0.1,12,0.0021,ND,44,0.0003,< 0.006 ,< 0.002 ,0.015,0.0002,0.0023,0.1,0.003,0.019,0.0014,2.6,0.0026
BR-40,GREENHORN C A YOU BET RD BRDG NR NEVADA CITY CA,3.91116E+14,9/9/2002,10:01,Laboratory Replicate,ND,1.5,0.84,6.2,34,< 0.006 ,0.0163,5.1,0.038,0.015,0.76,0.16,0.014,0.35,0.0022,0.0014,0.0017,50,0.0033,0.0005,0.73,0.01,0.43,< 0.0003 ,2.1,195,0.17,2.1,0.011,4.7,0.02,0.0025,1.3,0.0051,5,0.052,ND,0.1,12,0.0025,ND,44,0.0003,< 0.006 ,0.017,0.027,0.0002,0.0023,0.092,0.003,0.02,0.0017,2.3,0.016
BR-40,GREENHORN C A YOU BET RD BRDG NR NEVADA CITY CA,3.91116E+14,10/17/2002,10:10,Environmental,ND,1.3,0.46,6.7,39,< 0.006 ,0.0037,5.9,0.048,0.012,1,1.7,0.013,0.3,0.0019,0.0015,< 0.0004 ,59,0.0021,0.0007,0.81,0.0085,0.52,< 0.0003 ,2.6,269,0.27,2.3,0.0095,8.4,0.032,0.0023,1.4,0.006,6.9,0.052,ND,0.17,12,0.0017,ND,47,0.0004,< 0.006 ,0.007,0.02,0.0002,0.0024,0.045,0.003,0.018,0.0016,11,0.0081
BR-40,GREENHORN C A YOU BET RD BRDG NR NEVADA CITY CA,3.91116E+14,10/17/2002,10:11,Laboratory Replicate,ND,1.3,0.48,6.4,40,0.008,0.002,5.9,0.05,0.013,1,1.8,0.016,0.29,0.002,0.0018,< 0.0004 ,61,0.0026,0.0007,0.82,0.0097,0.57,< 0.0003 ,2.6,278,0.12,2.3,0.011,8.5,0.01,0.0022,1.4,0.006,7,0.047,ND,0.17,13,0.0017,ND,48,0.0006,< 0.006 ,0.0022,0.02,0.0002,0.0029,0.05,0.004,0.02,0.0015,5.3,0.0038
BR-40,GREENHORN C A YOU BET RD BRDG NR NEVADA CITY CA,3.91116E+14,11/12/2002,11:00,Environmental,ND,9.3,0.66,6.6,37,< 0.007 ,< 0.001 ,6.4,0.12,0.34,3.3,< 0.4 ,0.019,0.81,0.047,0.03,0.014,32,0.052,0.01,1,0.14,0.84,0.0038,2.7,230,0.14,2.4,0.25,6,0.021,0.053,1.8,0.0077,7.2,0.053,ND,< 0.2 ,13,0.055,ND,52,0.0078,< 0.01 ,0.0031,0.023,0.0038,0.015,0.2,0.004,0.31,0.025,2.9,0.027
BR-40,GREENHORN C A YOU BET RD BRDG NR NEVADA CITY CA,3.91116E+14,11/12/2002,11:01,Laboratory Replicate,ND,9.7,0.67,5.9,38,< 0.007 ,< 0.001 ,6.4,0.12,0.35,3.4,< 0.4 ,0.017,0.82,0.049,0.029,0.015,34,0.057,0.01,1,0.15,0.85,0.0042,2.7,232,0.15,2.4,0.26,6.2,0.02,0.055,1.8,0.0063,7.2,0.061,ND,< 0.2 ,13,0.057,ND,53,0.0081,< 0.01 ,0.003,0.025,0.004,0.015,0.2,0.003,0.34,0.025,2.8,0.015
BR-40,GREENHORN C A YOU BET RD BRDG NR NEVADA CITY CA,3.91116E+14,12/18/2002,14:40,Environmental,ND,10,0.72,3.7,21,< 0.004 ,0.0045,4.2,0.048,0.45,1.1,< 0.04 ,0.009,0.76,0.063,0.041,0.019,19,0.076,0.013,0.73,0.19,0.76,0.0052,1.9,88,0.2,1.7,0.37,3.6,0.047,0.075,1.1,0.0028,4.2,0.087,ND,0.14,12,0.084,ND,34,0.01,< 0.005 ,0.0092,0.04,0.0052,0.011,0.38,0.003,0.42,0.036,0.92,0.018
BR-40,GREENHORN C A YOU BET RD BRDG NR NEVADA CITY CA,3.91116E+14,12/18/2002,14:41,Laboratory Replicate,ND,9.7,0.69,3.4,21,0.006,0.0017,4.2,0.049,0.45,1.1,< 0.04 ,0.007,0.67,0.063,0.039,0.019,19,0.076,0.013,0.72,0.19,0.73,0.006,1.9,90,0.16,1.7,0.38,3.5,0.023,0.077,1.1,0.0035,4.3,0.083,ND,0.21,12,0.08,ND,34,0.01,< 0.005 ,0.0068,0.029,0.0053,0.012,0.34,0.004,0.42,0.032,0.8,0.019
BR-40,GREENHORN C A YOU BET RD BRDG NR NEVADA CITY CA,3.91116E+14,1/13/2003,13:20,Environmental,ND,11,1.1,3.2,18,< 0.003 ,< 0.0007 ,4,0.052,0.29,1.2,< 0.1 ,0.012,0.52,0.037,0.024,0.012,17,0.045,0.0085,0.62,0.11,0.74,0.0032,1.7,73,0.16,1.7,0.22,3.4,0.023,0.044,1,0.002,3.4,0.057,ND,0.13,13,0.045,ND,33,0.0066,0.003,0.0028,0.024,0.0031,0.016,0.3,0.003,0.25,0.019,1.2,0.0075
BR-40,GREENHORN C A YOU BET RD BRDG NR NEVADA CITY CA,3.91116E+14,1/13/2003,13:21,Laboratory Replicate,ND,10,1.1,3,19,0.003,0.0009,4.1,0.053,0.29,1.2,< 0.1 ,0.012,0.53,0.038,0.025,0.012,17,0.049,0.0077,0.62,0.11,0.74,0.0028,1.8,74,0.14,1.7,0.22,3.3,0.013,0.046,1,0.002,3.4,0.056,ND,0.19,13,0.047,ND,33,0.0066,0.003,0.0021,0.016,0.0032,0.017,0.32,0.005,0.25,0.02,1.3,0.0085
BR-40,GREENHORN C A YOU BET RD BRDG NR NEVADA CITY CA,3.91116E+14,2/5/2003,13:20,Environmental,ND,19,2.1,3.4,23,0.009,< 0.001 ,5.2,0.086,0.17,1.5,< 0.04 ,0.01,0.64,0.02,0.013,0.0057,39,0.025,0.0038,0.62,0.076,0.84,0.0016,2,83,0.11,1.8,0.11,4,0.025,0.025,1.1,0.0026,3.9,0.058,ND,0.11,13,0.021,ND,41,0.0033,< 0.005 ,0.0039,0.027,0.0016,0.013,0.14,0.007,0.12,0.0089,3.9,0.0056
BR-40,GREENHORN C A YOU BET RD BRDG NR NEVADA CITY CA,3.91116E+14,2/5/2003,13:21,Laboratory Replicate,ND,19,2,3.5,24,0.009,< 0.001 ,5.2,0.087,0.17,1.5,< 0.04 ,0.011,0.63,0.02,0.011,0.0056,38,0.022,0.0039,0.61,0.079,0.9,0.0015,2.1,84,0.073,1.9,0.11,3.9,0.027,0.024,1,0.0019,3.9,0.061,ND,0.1,13,0.021,ND,41,0.0038,< 0.005 ,< 0.001 ,0.026,0.0015,0.013,0.14,0.005,0.12,0.0096,3.9,0.0073
BR-40,GREENHORN C A YOU BET RD BRDG NR NEVADA CITY CA,3.91116E+14,3/14/2003,14:00,Environmental,ND,173,1.4,3.9,25,0.014,0.0019,4.3,0.057,1.6,1.1,0.25,0.037,1.9,0.17,0.09,0.05,203,0.2,0.033,0.8,0.67,0.89,0.011,1.8,57,0.13,1.9,1,3.9,0.17,0.22,1.6,0.0014,3.1,0.058,ND,0.15,13,0.2,ND,37,0.029,< 0.006 ,0.029,0.016,0.013,0.048,0.88,0.011,1,0.074,2.9,0.087
BR-40,GREENHORN C A YOU BET RD BRDG NR NEVADA CITY CA,3.91116E+14,3/14/2003,14:01,Laboratory Replicate,ND,159,1.5,4.1,25,0.022,0.0011,4.3,0.059,1.5,1.1,0.21,0.031,1.9,0.16,0.086,0.048,192,0.19,0.033,0.82,0.65,0.91,0.01,1.8,58,0.072,1.9,0.97,3.9,0.15,0.22,1.6,0.0015,3.2,0.058,ND,0.086,13,0.2,ND,38,0.027,< 0.006 ,0.028,0.018,0.012,0.046,0.82,0.012,1,0.073,3,0.087
BR-40,GREENHORN C A YOU BET RD BRDG NR NEVADA CITY CA,3.91116E+14,3/15/2003,9:30,Environmental,ND,29,0.32,3.3,15,0.009,< 0.0008 ,2,0.04,1.6,0.89,< 0.06 ,0.006,1.4,0.24,0.15,0.072,41,0.28,0.05,0.71,0.6,0.54,0.021,1,81,0.13,1.2,1.3,2.9,0.038,0.26,0.98,0.001,1.9,0.059,ND,0.11,8.7,0.29,ND,17,0.04,< 0.006 ,0.03,0.019,0.021,0.037,0.33,0.005,1.5,0.13,3.3,0.088
BR-40,GREENHORN C A YOU BET RD BRDG NR NEVADA CITY CA,3.91116E+14,3/15/2003,9:31,Laboratory Replicate,ND,45,0.35,3.9,15,0.011,0.003,1.9,0.039,1.6,0.91,0.16,0.005,1.5,0.24,0.15,0.074,60,0.29,0.053,0.73,0.63,0.52,0.021,0.99,82,0.16,1.2,1.3,3,0.075,0.27,1,0.001,1.9,0.057,ND,0.086,8.4,0.28,ND,17,0.042,< 0.006 ,0.036,0.021,0.022,0.038,0.41,0.004,1.5,0.14,2.2,0.13
BR-40,GREENHORN C A YOU BET RD BRDG NR NEVADA CITY CA,3.91116E+14,4/28/2003,13:50,Environmental,ND,5.7,0.64,2.5,16,< 0.007 ,0.0006,3.6,0.026,0.4,0.68,< 0.1 ,< 0.008 ,0.57,0.043,0.028,0.015,8.4,0.059,0.0098,0.55,0.17,0.54,0.004,1.6,50,0.15,1.6,0.3,2.4,0.01,0.06,0.88,0.0013,2.4,0.049,ND,< 0.07 ,13,0.057,ND,27,0.0071,< 0.007 ,0.0015,0.02,0.0039,0.0088,0.42,0.003,0.32,0.026,0.89,0.015
BR-40,GREENHORN C A YOU BET RD BRDG NR NEVADA CITY CA,3.91116E+14,4/28/2003,13:51,Laboratory Replicate,ND,6.1,0.68,2.7,16,< 0.007 ,< 0.0005 ,3.4,0.033,0.4,0.69,< 0.1 ,< 0.008 ,0.6,0.047,0.028,0.014,6.2,0.055,0.01,0.56,0.17,0.53,0.004,1.6,53,0.15,1.6,0.3,2.4,0.009,0.062,0.92,0.0008,2.4,0.052,ND,< 0.07 ,13,0.058,ND,29,0.007,< 0.007 ,0.0012,0.015,0.0039,0.0088,0.43,0.003,0.32,0.024,1,0.0099
BR-40,GREENHORN C A YOU BET RD BRDG NR NEVADA CITY CA,3.91116E+14,5/12/2003,11:30,Environmental,ND,5.3,0.88,2.6,19,< 0.004 ,< 0.0008 ,3.8,0.029,0.17,0.77,< 0.1 ,0.008,0.33,0.021,0.013,0.0062,10,0.026,0.0046,0.6,0.069,0.66,0.0016,1.7,50,0.11,1.7,0.13,2.8,0.006,0.027,0.97,0.0012,2.7,0.048,ND,< 0.1 ,14,0.026,ND,32,0.0033,< 0.007 ,0.0013,0.014,0.0019,0.0094,0.32,0.003,0.14,0.011,0.84,0.0066
BR-40,GREENHORN C A YOU BET RD BRDG NR NEVADA CITY CA,3.91116E+14,5/12/2003,11:31,Laboratory Replicate,ND,5.5,0.92,2.9,19,< 0.004 ,< 0.0008 ,3.8,0.037,0.17,0.77,< 0.1 ,0.007,0.33,0.02,0.014,0.007,10,0.026,0.0043,0.62,0.072,0.66,0.0019,1.7,50,0.13,1.7,0.14,2.9,0.007,0.028,0.99,0.0014,2.6,0.042,ND,0.15,14,0.028,ND,32,0.0034,< 0.007 ,0.0012,0.011,0.0018,0.0096,0.34,0.004,0.15,0.011,0.85,0.0034
BR-40,GREENHORN C A YOU BET RD BRDG NR NEVADA CITY CA,3.91116E+14,6/20/2003,8:50,Environmental,ND,0.62,2.3,93,20,< 0.005 ,< 0.001 ,20,< 0.002 ,0.0072,0.052,0.08,0.15,0.67,0.0019,0.0027,< 0.0002 ,18,0.0012,0.0005,0.72,0.0035,4.5,0.0012,14,11,0.34,11,0.0039,0.8,0.011,0.0008,0.39,0.0015,4.1,0.087,ND,< 0.03 ,25,0.0007,ND,127,0.0001,< 0.006 ,0.0008,0.006,0.0005,0.044,4.7,0.15,0.014,0.0048,0.66,0.0063
BR-40,GREENHORN C A YOU BET RD BRDG NR NEVADA CITY CA,3.91116E+14,6/20/2003,8:51,Laboratory Replicate,ND,0.63,2.3,94,20,< 0.005 ,< 0.001 ,20,< 0.002 ,0.0073,0.058,0.11,0.15,0.64,0.0014,0.0023,0.0005,19,0.0013,0.0006,0.72,0.0037,4.4,0.0012,13,11,0.35,11,0.0045,0.79,0.012,0.0009,0.39,0.0012,4.3,0.099,ND,< 0.03 ,26,0.001,ND,128,0.0002,< 0.006 ,0.0009,0.009,0.0006,0.044,4.7,0.15,0.014,0.0056,0.63,0.0064
BR-40,GREENHORN C A YOU BET RD BRDG NR NEVADA CITY CA,3.91116E+14,7/1/2003,7:50,Environmental,ND,3.3,1.9,6,34,0.005,0.0012,4.9,0.061,0.04,2,< 0.1 ,0.018,0.31,0.0063,0.0037,0.0013,98,0.0065,0.0011,0.69,0.02,0.58,0.0006,2,307,0.24,1.9,0.026,3.3,0.031,0.0058,1.3,0.0049,5,0.067,ND,< 0.1 ,13,0.0061,ND,42,0.0008,< 0.007 ,0.0011,0.053,0.0005,0.0072,0.089,0.007,0.042,0.0029,3.3,0.0017
BR-40,GREENHORN C A YOU BET RD BRDG NR NEVADA CITY CA,3.91116E+14,7/1/2003,7:51,Laboratory Replicate,ND,3.3,1.9,4.9,34,< 0.004 ,< 0.0008 ,5,0.069,0.039,2,< 0.1 ,0.021,0.3,0.0063,0.0044,0.001,101,0.0052,0.0011,0.68,0.02,0.53,0.0006,2,311,0.2,1.9,0.028,3.3,0.046,0.0058,1.3,0.005,4.8,0.054,ND,< 0.1 ,13,0.0071,ND,42,0.0011,< 0.007 ,0.0007,0.039,0.0005,0.0054,0.09,0.007,0.042,0.0032,3.2,0.0019
BR-40,GREENHORN C A YOU BET RD BRDG NR NEVADA CITY CA,3.91116E+14,10/14/2003,12:50,Environmental,ND,1.7,0.91,5.7,29,< 0.003 ,< 0.002 ,5.4,0.02,0.017,0.15,< 0.07 ,0.01,0.31,0.004,0.0025,0.0002,33,0.0042,0.0008,0.78,0.013,0.45,0.0003,2.3,75,0.22,2.1,0.016,1.1,0.011,0.0035,1.4,0.0045,4.3,0.062,ND,0.1,12,0.0036,ND,46,0.0006,< 0.004 ,0.0007,0.013,0.0004,0.0041,0.1,0.024,0.029,0.0018,1.1,0.0053
BR-40,GREENHORN C A YOU BET RD BRDG NR NEVADA CITY CA,3.91116E+14,10/14/2003,12:51,Laboratory Replicate,ND,1.7,0.91,5.9,29,< 0.003 ,< 0.002 ,5.4,0.017,0.018,0.15,< 0.07 ,0.01,0.33,0.0032,0.0025,0.0004,34,0.0041,0.0008,0.79,0.014,0.47,0.0003,2.3,75,0.13,2.1,0.017,1.2,0.013,0.0035,1.3,0.0036,4.3,0.057,ND,0.1,12,0.0038,ND,45,0.0005,< 0.004 ,0.0009,0.012,0.0003,0.0032,0.094,0.023,0.029,0.0018,1,0.0043
BR-76,POLAR STAR MINE TUNNEL INLET NR DUTCH FLAT CA,3.91243E+14,5/7/1999,12:00,Environmental,0.016,3.4,0.19,11,16,0.05,0.0008,ND,0.042,0.065,0.082,0.32,0.029,0.7,0.059,0.035,0.014,ND,0.072,0.013,ND,0.46,15,0.0037,ND,2.8,0.095,ND,0.3,760,0.017,0.077,1.4,0.0039,ND,0.11,ND,0.48,ND,0.056,ND,160,0.01,0.009,0.0014,0.004,0.0038,0.04,0.61,ND,0.02,0.51,11,ND
BR-76,POLAR STAR MINE TUNNEL INLET NR DUTCH FLAT CA,3.91243E+14,5/7/1999,12:01,Laboratory Replicate,0.007,3.1,0.06,12,16,0.053,< 0.0008,ND,0.039,0.064,0.099,0.37,0.028,0.54,0.057,0.034,0.013,ND,0.065,0.013,ND,0.46,15,0.0033,ND,2.6,0.064,ND,0.31,900,0.013,0.079,1.5,0.0027,ND,0.11,ND,0.52,ND,0.055,ND,160,0.01,0.006,0.0011,0.002,0.004,0.04,< 0.06,ND,0.02,0.51,9.9,ND
BR-77,POLAR STAR MINE TUNNEL MIDWAY NR DUTCH FLAT CA,3.91245E+14,5/7/1999,10:30,Environmental,0.014,3.6,0.09,11,16,0.03,0.0008,ND,0.035,0.044,0.25,0.26,0.016,0.59,0.019,0.011,0.0044,ND,0.024,0.0045,ND,0.14,14,0.0018,ND,9.8,0.19,ND,0.093,760,0.025,0.022,1.4,0.0039,ND,0.1,ND,0.4,ND,0.015,ND,150,0.0034,< 0.007,0.0007,0.007,0.0015,0.039,0.44,ND,0.0072,0.19,8.6,ND
BR-77,POLAR STAR MINE TUNNEL MIDWAY NR DUTCH FLAT CA,3.91245E+14,5/7/1999,10:31,Laboratory Replicate,0.008,3.2,0.14,11,17,0.02,0.0009,ND,0.036,0.041,0.25,< 0.3,0.016,0.6,0.017,0.011,0.0052,ND,0.019,0.0039,ND,0.14,15,0.0012,ND,9.4,0.091,ND,0.096,730,0.014,0.022,1.4,0.0027,ND,0.11,ND,< 0.4,ND,0.015,ND,150,0.0027,< 0.007,0.0007,0.005,0.0013,0.034,0.53,ND,0.0072,0.19,8.6,ND
BR-78,POLAR STAR MINE TUNNEL DISCHARGE NR DUTCH FLAT CA,3.91247E+14,5/7/1999,9:30,Environmental,0.016,4.3,0.15,12,17,0.02,0.0009,ND,0.026,0.041,0.32,0.26,0.013,0.55,0.013,0.0078,0.0043,ND,0.013,0.0028,ND,0.096,14,0.001,ND,7.1,0.11,ND,0.063,790,0.019,0.016,1.4,0.0023,ND,0.11,ND,< 0.4,ND,0.012,ND,150,0.0021,< 0.007,0.0006,0.004,0.0008,0.038,0.42,ND,0.0062,0.14,6,ND
BR-78,POLAR STAR MINE TUNNEL DISCHARGE NR DUTCH FLAT CA,3.91247E+14,5/7/1999,9:31,Laboratory Replicate,0.006,5.4,0.07,12,16,0.023,< 0.0008,ND,0.028,0.054,0.36,0.16,0.011,0.44,0.014,0.0078,0.0042,ND,0.015,0.0029,ND,0.1,14,0.001,ND,7.3,0.06,ND,0.073,850,0.028,0.017,1.4,0.002,ND,0.11,ND,0.5,ND,0.013,ND,160,0.0024,< 0.004,0.0004,< 0.002,0.0009,0.036,0.1,ND,0.0068,0.15,5.3,ND
BR-78,POLAR STAR MINE TUNNEL DISCHARGE NR DUTCH FLAT CA,3.91247E+14,5/27/1999,10:30,Environmental,0.012,3.1,0.1,16,25,0.019,< 0.0008,ND,0.025,0.027,0.32,< 0.1,0.028,0.34,0.0094,0.0063,0.0028,ND,0.011,0.0025,ND,0.069,16,0.0008,ND,4.1,0.14,ND,0.046,910,0.021,0.011,1.7,0.0044,ND,0.13,ND,0.54,ND,0.0076,ND,230,0.0016,0.007,0.0008,0.008,0.0009,0.076,0.19,ND,0.0038,0.1,3,ND
BR-78,POLAR STAR MINE TUNNEL DISCHARGE NR DUTCH FLAT CA,3.91247E+14,5/27/1999,10:31,Laboratory Replicate,0.018,3.1,0.08,15,24,0.015,0.0026,ND,0.027,0.027,0.36,0.24,0.032,0.25,0.0099,0.0069,0.0038,ND,0.01,0.0021,ND,0.073,17,0.0008,ND,4.8,0.1,ND,0.046,1000,0.02,0.011,1.8,0.0055,ND,0.13,ND,0.59,ND,0.0079,ND,230,0.0014,0.004,0.0006,0.004,0.0007,0.073,0.16,ND,0.0043,0.11,3.7,ND
BR-80,NF STEEPHOLLOW C NR BLUE CYN CA,3.91642E+14,7/1/1999,10:00,Environmental,< 0.002,4.6,0.53,< 9,16,< 0.02,< 0.0007,ND,0.012,0.017,0.025,0.31,0.016,0.49,0.0045,0.0032,0.002,ND,0.0056,0.0011,ND,0.021,0.24,0.0006,ND,3.5,0.14,ND,0.029,1.6,0.013,0.0061,1.6,0.0005,ND,0.043,ND,< 0.4,ND,0.0062,ND,51,0.0007,< 0.007,0.0011,0.003,0.0004,0.011,0.4,ND,0.003,0.032,0.52,ND
BR-80,NF STEEPHOLLOW C NR BLUE CYN CA,3.91642E+14,7/1/1999,10:01,Laboratory Replicate,0.003,4.2,0.53,< 9,16,< 0.02,< 0.0007,ND,0.012,0.016,0.022,0.33,0.018,0.4,0.005,0.0028,0.0024,ND,0.0049,0.0012,ND,0.021,0.23,0.0006,ND,3.4,0.14,ND,0.029,1.5,0.024,0.0059,1.6,0.0005,ND,0.043,ND,< 0.4,ND,0.0056,ND,51,0.0008,< 0.007,0.0008,0.004,0.0004,0.01,0.39,ND,0.0031,0.032,0.42,ND
BR-81,REMINGTON HILL MINE MAIN DISCHARGE NR BLUE CYN CA,3.91643E+14,7/1/1999,9:30,Environmental,0.011,2.7,0.1,54,20,< 0.02,0.0027,ND,0.016,0.0049,0.004,< 0.3,0.011,0.27,0.0035,0.0024,0.0013,ND,0.0034,0.0007,ND,0.011,0.58,0.0005,ND,0.33,0.1,ND,0.015,15,0.007,0.003,2.1,0.001,ND,0.008,ND,< 0.4,ND,0.0042,ND,76,0.0006,< 0.007,0.0005,0.005,0.0005,0.0077,0.51,ND,0.0024,0.019,1.1,ND
BR-81,REMINGTON HILL MINE MAIN DISCHARGE NR BLUE CYN CA,3.91643E+14,7/1/1999,9:31,Laboratory Replicate,0.005,2.6,0.1,48,20,< 0.02,< 0.0007,ND,0.017,0.0047,< 0.004,< 0.3,0.012,0.35,0.003,0.0022,0.0007,ND,0.0025,0.0007,ND,0.011,0.58,0.0004,ND,0.34,0.088,ND,0.014,15,0.007,0.003,2.1,0.001,ND,0.009,ND,< 0.4,ND,0.0025,ND,76,0.0005,< 0.007,< 0.0004,0.005,0.0004,0.0071,0.49,ND,0.0023,0.019,1.1,ND
BR-82,SE TRIB TO ROLLINS RES NR COLFAX CA,3.90815E+14,12/21/2001,7:30,Environmental,ND,6.8,0.13,3,20,< 0.006 ,0.0049,4.8,0.012,0.046,0.021,0.1,< 0.008 ,0.52,0.015,0.0081,0.0033,11,0.017,0.0032,0.47,0.048,0.53,0.0009,3,1.4,< 0.06 ,6.4,0.063,1.6,0.028,0.014,0.24,0.0019,2.7,0.075,ND,0.11,11,0.015,ND,34,0.0024,< 0.008 ,0.0066,0.002,0.0012,0.0014,0.23,0.059,0.089,0.007,2.1,0.033
BR-82,SE TRIB TO ROLLINS RES NR COLFAX CA,3.90815E+14,12/21/2001,7:31,Laboratory Replicate,ND,6.7,0.12,3,20,0.007,< 0.001 ,4.8,0.02,0.043,0.021,0.12,< 0.008 ,0.58,0.013,0.0098,0.0039,11,0.013,0.0029,0.48,0.042,0.55,0.001,3,1.4,< 0.06 ,6.4,0.058,1.5,0.039,0.013,0.24,0.0018,2.8,0.076,ND,0.15,12,0.014,ND,34,0.0021,< 0.008 ,0.0023,0.003,0.0011,0.0014,0.26,0.06,0.085,0.0068,2.4,0.018
BR-83,POORMAN C AB ROLLINS RES A YOU BET RD NR COLFAX CA,3.90951E+14,12/21/2001,14:30,Environmental,ND,12,0.06,1.5,11,0.007,0.0013,2.9,0.005,0.04,0.019,< 0.06 ,< 0.008 ,0.46,0.012,0.008,0.003,13,0.011,0.0026,0.35,0.035,0.24,0.0009,1.8,2.3,0.08,1.8,0.051,0.48,0.025,0.011,0.17,0.0009,1.6,0.075,ND,0.14,10,0.012,ND,21,0.0021,< 0.008 ,0.0067,< 0.002 ,0.001,0.0014,0.11,< 0.002 ,0.074,0.0066,1.5,0.016
BR-83,POORMAN C AB ROLLINS RES A YOU BET RD NR COLFAX CA,3.90951E+14,12/21/2001,14:31,Laboratory Replicate,ND,11,0.05,2.2,10,< 0.006 ,< 0.001 ,2.9,0.009,0.041,0.019,< 0.06 ,< 0.008 ,0.51,0.012,0.0058,0.0024,13,0.012,0.0028,0.34,0.033,0.24,0.0007,1.9,2.3,< 0.06 ,1.7,0.05,0.49,0.034,0.01,0.17,0.0012,1.6,0.075,ND,0.075,10,0.012,ND,22,0.0021,< 0.008 ,0.0034,< 0.002 ,0.001,0.0013,0.1,0.005,0.073,0.0064,1.5,0.023
BR-84,S TRIB TO ROLLINS RES NR COLFAX CA,3.90753E+14,12/21/2001,8:00,Environmental,ND,28,0.13,8.2,30,< 0.008 ,0.0021,5.5,0.01,0.18,0.026,0.27,< 0.006 ,0.61,0.027,0.016,0.0084,34,0.035,0.0059,0.66,0.13,0.35,0.0016,2.8,1.2,0.14,5.2,0.17,0.6,0.057,0.039,0.38,0.0011,2,0.099,ND,0.1,11,0.037,ND,48,0.0053,< 0.007 ,0.0056,0.002,0.0021,0.0025,0.44,0.011,0.17,0.013,2.1,0.026
BR-84,S TRIB TO ROLLINS RES NR COLFAX CA,3.90753E+14,12/21/2001,8:01,Laboratory Replicate,ND,29,0.12,6.4,30,< 0.008 ,< 0.001 ,5.5,0.014,0.17,0.026,0.32,0.008,0.72,0.028,0.017,0.0087,34,0.033,0.0055,0.65,0.11,0.32,0.0017,2.8,1.2,0.18,5.2,0.16,0.63,0.064,0.035,0.38,0.0012,2,0.095,ND,< 0.08 ,11,0.036,ND,48,0.0047,< 0.007 ,0.0027,0.002,0.0021,0.0029,0.45,0.059,0.16,0.013,2.5,0.023
BR-85,BEAR R BL STEEPHOLLOW C NR CHICAGO PARK CA,3.91023E+14,1/26/2000,13:00,Environmental,ND,370,< 20,3.8,17,< 0.07,0.0061,4.1,0.026,1,0.59,< 0.4,< 0.2,1.5,0.11,0.053,0.026,450,0.11,0.018,0.49,0.48,0.46,0.01,2.6,28,0.27,2.1,0.59,6,0.39,0.14,1.1,< 0.002,1.3,0.049,< 0.3,< 0.2,11,0.13,1.6,33,0.019,< 0.05,0.065,0.005,0.0061,0.1,< 2,0.012,0.54,0.049,4.3,0.15
BR-85,BEAR R BL STEEPHOLLOW C NR CHICAGO PARK CA,3.91023E+14,1/26/2000,13:01,Laboratory Replicate,ND,360,< 20,3.6,16,< 0.07,0.0147,3.8,0.024,1,0.52,< 0.4,< 0.2,1.5,0.099,0.05,0.027,430,0.11,0.021,0.47,0.47,0.48,0.0065,2.5,26,0.33,2.2,0.56,6.2,0.38,0.13,1.1,< 0.002,1.2,0.045,< 0.3,< 0.2,11,0.12,1.3,34,0.018,< 0.05,0.072,0.007,0.0068,0.094,< 2,0.011,0.52,0.045,5.1,0.14
BR-85,BEAR R BL STEEPHOLLOW C NR CHICAGO PARK CA,3.91023E+14,3/15/2003,16:30,Environmental,ND,14,0.19,2.6,10,0.005,0.0063,3.8,0.004,0.12,0.11,0.1,< 0.003 ,0.48,0.017,0.011,0.0054,43,0.02,0.0035,0.42,0.096,0.2,0.0013,1.1,9.4,0.4,2.7,0.11,2.6,0.019,0.026,0.79,0.0003,0.77,0.019,ND,< 0.07 ,8.4,0.021,ND,31,0.0032,< 0.006 ,0.0094,0.004,0.0014,0.045,0.2,0.033,0.11,0.0092,1.1,0.04
BR-85,BEAR R BL STEEPHOLLOW C NR CHICAGO PARK CA,3.91023E+14,3/15/2003,16:31,Laboratory Replicate,ND,14,0.2,2.2,10,< 0.005 ,0.0013,3.7,0.008,0.12,0.11,0.07,< 0.003 ,0.48,0.018,0.01,0.0052,46,0.021,0.0038,0.42,0.099,0.2,0.0015,1.1,9.5,0.37,2.7,0.11,2.7,0.035,0.027,0.8,0.0003,0.79,0.022,ND,< 0.07 ,8.3,0.026,ND,31,0.0031,< 0.006 ,0.0082,< 0.002 ,0.0016,0.046,0.22,0.032,0.12,0.009,1.3,0.036
BR-86,NW TRIB TO ROLLINS RES NR BEAR RIVER PINES CA,3.91006E+14,6/8/1999,12:30,Environmental,ND,24,0.12,5.2,12,< 0.008 ,0.0014,6.5,0.004,0.071,0.064,0.07,< 0.006 ,0.78,0.0087,0.0046,0.0031,95,0.0091,0.0015,0.86,0.038,0.089,0.0007,3,26,< 0.06 ,3.1,0.047,0.21,0.04,0.011,0.72,0.0043,0.78,0.08,ND,< 0.08 ,15,0.012,ND,58,0.0013,< 0.007 ,0.0034,< 0.001 ,0.0007,0.0032,0.8,0.003,0.045,0.0039,1.1,0.027
BR-86,NW TRIB TO ROLLINS RES NR BEAR RIVER PINES CA,3.91006E+14,6/8/1999,12:31,Laboratory Replicate,ND,28,0.11,5.5,12,< 0.008 ,0.0019,6.6,0.005,0.074,0.066,0.08,0.013,0.79,0.0081,0.004,0.003,94,0.011,0.0016,0.86,0.041,0.095,0.0008,3,25,< 0.06 ,3.1,0.05,0.22,0.038,0.01,0.72,0.0041,0.79,0.078,ND,< 0.08 ,15,0.01,ND,58,0.0013,< 0.007 ,0.0039,0.003,0.0007,0.0042,0.8,0.003,0.045,0.0045,1.1,0.04
BR-89,SOUTHERN CROSS MINE TUNNEL MIDWAY NR DUTCH FLAT CA,3.91237E+14,5/27/1999,15:00,Environmental,0.02,12,0.16,54,22,0.21,0.0009,ND,0.34,14,110,0.28,0.03,5.6,0.95,0.46,0.26,ND,1.1,0.19,ND,8.1,14,0.037,ND,1400,0.079,ND,5.8,3100,0.039,1.5,2.6,0.0072,ND,0.036,ND,0.78,ND,0.97,ND,220,0.17,< 0.004,0.0005,0.027,0.05,0.039,< 0.06,ND,0.25,7.1,81,ND
BR-89,SOUTHERN CROSS MINE TUNNEL MIDWAY NR DUTCH FLAT CA,3.91237E+14,5/27/1999,15:01,Laboratory Replicate,0.04,12,0.16,52,22,0.23,< 0.0008,ND,0.35,14,110,0.19,0.039,5.1,0.93,0.46,0.26,ND,1.2,0.18,ND,7.8,14,0.037,ND,1400,0.088,ND,5.7,2900,0.038,1.5,2.7,0.0079,ND,0.039,ND,0.79,ND,0.98,ND,220,0.17,< 0.004,< 0.0002,0.029,0.052,0.038,< 0.06,ND,0.25,6.8,81,ND
BR-91,STEEPHOLLOW C A LOWELL HILL BRDG NR NEVADA CITY CA,3.91146E+14,1/26/2000,10:00,Environmental,ND,270,< 20,7.3,14,< 0.07,0.0068,3.7,0.042,0.78,0.75,< 0.4,< 0.2,1.1,0.08,0.05,0.026,300,0.098,0.017,0.5,0.36,0.85,0.0059,3.5,24,0.18,1.8,0.49,6.8,0.26,0.11,1,< 0.002,1.2,0.048,ND,< 0.2,14,0.098,6.7,34,0.015,< 0.05,0.075,0.012,0.0058,0.047,< 2,< 0.008,0.48,0.044,13,0.078
BR-91,STEEPHOLLOW C A LOWELL HILL BRDG NR NEVADA CITY CA,3.91146E+14,1/26/2000,10:01,Laboratory Replicate,ND,270,< 20,4.5,14,< 0.07,0.0051,3.7,0.041,0.81,0.8,< 0.4,< 0.2,1.1,0.087,0.046,0.026,280,0.094,0.017,0.47,0.39,0.83,0.0064,3.4,25,0.16,1.9,0.51,7,0.26,0.12,1,< 0.002,1.3,0.049,< 0.3,0.36,14,0.1,7.4,33,0.015,< 0.05,0.089,0.005,0.0078,0.046,< 2,< 0.008,0.51,0.042,13,0.077
BR-91,STEEPHOLLOW C A LOWELL HILL BRDG NR NEVADA CITY CA,3.91146E+14,3/15/2003,15:50,Environmental,ND,25,0.18,4.9,14,0.009,< 0.0008 ,3.4,0.018,0.38,0.25,0.85,0.003,1.1,0.091,0.052,0.025,28,0.1,0.019,0.58,0.26,0.64,0.0066,2.5,11,0.046,1.4,0.42,4.3,0.017,0.091,0.9,0.0009,1.5,0.025,ND,0.11,11,0.095,ND,31,0.014,< 0.006 ,0.026,0.006,0.007,0.021,0.34,0.018,0.57,0.045,1.9,0.12
BR-91,STEEPHOLLOW C A LOWELL HILL BRDG NR NEVADA CITY CA,3.91146E+14,3/15/2003,15:51,Laboratory Replicate,ND,29,0.19,4.6,14,< 0.005 ,< 0.0008 ,3.4,0.017,0.39,0.26,0.83,0.006,1.1,0.089,0.051,0.024,32,0.1,0.018,0.57,0.27,0.64,0.007,2.5,11,0.05,1.4,0.42,4.2,0.018,0.089,0.9,0.0011,1.5,0.029,ND,0.11,11,0.097,ND,31,0.015,< 0.006 ,0.025,0.005,0.0072,0.021,0.35,0.019,0.58,0.043,1.6,0.12
BR-93,STUMP CYN C NE NR DUTCH FLAT CA,3.91351E+14,2/16/2000,12:45,Environmental,ND,5500,< 20,9,55,0.21,0.0604,2.4,0.044,45,8.6,7.5,1,9,2.7,1.3,0.99,4700,3.2,0.5,0.76,18,2.9,0.18,2,110,0.071,0.9,21,57,7.3,5,8.7,< 0.002,3.9,0.05,4.5,0.46,17,4.2,3.1,26,0.53,< 0.05,4.6,0.054,0.18,0.86,19,< 0.008,13,1.1,14,0.33
BR-93,STUMP CYN C NE NR DUTCH FLAT CA,3.91351E+14,2/16/2000,12:46,Laboratory Replicate,ND,5600,< 20,8.4,54,0.26,0.061,2.4,0.048,45,8.8,8.1,1,9.2,2.7,1.3,0.98,5000,3.2,0.5,0.77,17,2.8,0.17,2.1,120,0.083,0.9,21,58,7.2,5,8.9,< 0.002,3.8,0.052,4.3,0.41,17,4.1,2.5,25,0.52,< 0.05,4.9,0.06,0.17,0.86,19,< 0.008,13,1.1,15,0.36
BR-94,STUMP CYN C NW NR DUTCH FLAT CA,3.9135E+14,2/16/2000,13:45,Environmental,ND,110,< 20,3.3,14,< 0.07,0.0085,1.4,0.019,0.52,0.13,< 0.4,< 0.2,0.45,0.058,0.038,0.017,93,0.06,0.013,0.46,0.28,0.3,0.0033,1.5,3.4,0.066,1.2,0.32,7.2,0.083,0.08,0.62,< 0.002,0.42,0.032,< 0.3,0.34,9.2,0.068,1.5,12,0.012,< 0.05,0.033,< 0.003,0.004,0.017,< 2,< 0.008,0.32,0.032,4,0.051
BR-94,STUMP CYN C NW NR DUTCH FLAT CA,3.9135E+14,2/16/2000,13:46,Laboratory Replicate,ND,110,< 20,4.8,13,< 0.07,0.0035,1.4,0.012,0.51,0.12,< 0.4,< 0.2,0.45,0.058,0.031,0.014,87,0.063,0.011,0.48,0.25,0.29,0.0044,1.4,3.5,0.094,1.1,0.31,7.2,0.083,0.075,0.61,< 0.002,0.42,0.02,< 0.3,< 0.2,9,0.063,1.9,11,0.01,< 0.05,0.036,< 0.003,0.0043,0.017,< 2,< 0.008,0.32,0.028,3.1,0.047
BR-95,YOU BET MINE OUTLET TO MAIN DRAIN TNNL NR GOLD RUN,3.91215E+14,5/6/1999,12:30,Environmental,0.013,2700,0.25,< 9,21,1.3,< 0.0007,ND,0.89,15,41,0.4,0.33,20,2,1,0.47,ND,2,0.38,ND,6.6,46,0.12,ND,2800,0.079,ND,8.4,160,0.3,2,18,0.015,ND,0.014,ND,0.71,ND,1.8,ND,290,0.32,< 0.007,0.039,0.13,0.14,0.69,0.55,ND,0.84,11,130,ND
BR-95,YOU BET MINE OUTLET TO MAIN DRAIN TNNL NR GOLD RUN,3.91215E+14,5/6/1999,12:31,Laboratory Replicate,0.026,2700,0.21,< 9,20,1.3,0.001,ND,0.85,15,40,0.37,0.34,19,2,1.1,0.47,ND,1.9,0.39,ND,6.5,43,0.12,ND,2800,0.15,ND,8.5,160,0.29,2,18,0.018,ND,0.018,ND,0.84,ND,1.9,ND,290,0.33,< 0.007,0.038,0.13,0.14,0.66,0.42,ND,0.86,11,130,ND
BR-96,YOU BET MINE INLET TO MAIN DRAIN TNNL NR GOLD RUN,3.91223E+14,5/6/1999,15:00,Environmental,0.018,3300,0.13,< 9,21,1.5,0.0009,ND,1.1,16,48,0.72,0.38,22,2.1,1.1,0.5,ND,2.3,0.41,ND,7,48,0.13,ND,3300,0.085,ND,9.1,190,0.71,2.2,20,0.017,ND,0.018,ND,0.76,ND,1.9,ND,290,0.35,< 0.007,0.095,0.14,0.16,0.91,< 0.07,ND,0.92,12,140,ND
BR-96,YOU BET MINE INLET TO MAIN DRAIN TNNL NR GOLD RUN,3.91223E+14,5/6/1999,15:01,Laboratory Replicate,0.009,3300,0.11,< 9,20,1.6,0.001,ND,1.1,16,50,0.8,0.37,20,2,1.1,0.52,ND,2.3,0.4,ND,7.1,49,0.13,ND,3300,0.07,ND,9.2,200,0.61,2.2,21,0.013,ND,0.01,ND,0.68,ND,2,ND,310,0.34,< 0.007,0.091,0.14,0.15,0.89,< 0.07,ND,0.89,12,140,ND
BR-99,YOU BET MINE SW DRAINAGE TUNNEL NR GOLD RUN CA,3.91144E+14,5/5/1999,14:30,Environmental,0.002,160,0.14,< 9,21,0.11,< 0.0007,ND,0.19,0.92,17,< 0.3,0.043,2.9,0.16,0.091,0.04,ND,0.2,0.035,ND,0.53,7,0.0091,ND,1000,0.044,ND,0.63,62,0.27,0.14,2.2,0.0087,ND,0.007,ND,< 0.4,ND,0.14,ND,75,0.029,< 0.007,0.001,0.007,0.01,0.0074,< 0.07,ND,0.058,1.2,99,ND
BR-99,YOU BET MINE SW DRAINAGE TUNNEL NR GOLD RUN CA,3.91144E+14,5/5/1999,14:31,Laboratory Replicate,0.013,170,0.16,4.1,21,0.12,0.0016,ND,0.2,0.99,19,< 0.1,0.045,2.8,0.17,0.095,0.04,ND,0.2,0.035,ND,0.59,8.1,0.0093,ND,1100,0.036,ND,0.66,66,0.32,0.15,2.3,0.012,ND,0.01,ND,0.22,ND,0.15,ND,76,0.03,< 0.004,0.0004,0.007,0.01,0.0074,< 0.06,ND,0.06,1.2,100,ND
BR-102,WALLOUPA MINE EAST DRAINAGE TUNNEL NR GOLD RUN CA,3.91144E+14,5/5/1999,15:20,Environmental,0.01,50,0.06,< 9,28,0.06,< 0.0007,ND,0.57,1.7,9.8,< 0.3,0.058,9.1,0.43,0.24,0.084,ND,0.47,0.09,ND,1.5,6.4,0.015,ND,780,0.061,ND,1.4,78,0.035,0.33,2.8,0.0017,ND,0.024,ND,< 0.4,ND,0.3,ND,90,0.069,< 0.007,0.0007,0.018,0.027,0.014,< 0.07,ND,0.13,3.3,110,ND
BR-102,WALLOUPA MINE EAST DRAINAGE TUNNEL NR GOLD RUN CA,3.91144E+14,5/5/1999,15:21,Laboratory Replicate,0.024,57,0.07,< 9,29,0.09,0.0009,ND,0.58,1.8,9.9,< 0.3,0.059,9.8,0.43,0.23,0.082,ND,0.47,0.09,ND,1.5,7.2,0.016,ND,830,0.07,ND,1.5,83,0.034,0.35,2.9,0.0018,ND,0.02,ND,< 0.4,ND,0.3,ND,93,0.07,< 0.007,< 0.0004,0.016,0.028,0.014,< 0.07,ND,0.13,3.5,120,ND
DC-02,DEER C AB SCOTTS FLAT RES NR NEVADA CITY CA,3.91731E+14,1/27/2000,10:00,Environmental,ND,70,< 20,3.9,12,< 0.07,0.0029,2.9,0.022,0.16,0.22,< 0.4,< 0.2,0.48,0.024,0.015,0.008,79,0.023,0.0047,0.36,0.1,0.27,0.0018,0.85,8.7,0.33,1.8,0.12,1.1,0.099,0.03,0.79,< 0.002,0.38,0.033,< 0.3,< 0.2,10,0.027,7.3,28,0.0032,< 0.05,0.013,< 0.003,0.0019,0.052,< 2,0.023,0.14,0.015,13,0.037
DC-02,DEER C AB SCOTTS FLAT RES NR NEVADA CITY CA,3.91731E+14,1/27/2000,10:01,Laboratory Replicate,ND,66,< 20,4.7,11,< 0.07,0.0042,3,0.026,0.16,0.23,< 0.4,< 0.2,0.46,0.018,0.014,0.0071,88,0.026,0.0047,0.39,0.099,0.33,0.0015,0.85,8,0.35,1.8,0.12,1.1,0.1,0.028,0.73,0.0017,0.36,0.029,0.4,< 0.2,10,0.023,7.7,28,0.0042,< 0.05,0.012,0.004,0.0022,0.052,< 2,0.027,0.14,0.013,13,0.036
DC-03,DEER C BL SCOTTS FLAT RES NR NEVADA CITY CA,3.91617E+14,1/27/2000,13:30,Environmental,ND,84,< 20,6,25,< 0.07,0.0028,3.3,0.03,0.29,0.62,< 0.4,< 0.2,0.39,0.025,0.015,0.01,300,0.034,0.0059,0.41,0.16,0.26,0.0016,0.99,120,0.11,1.8,0.17,1,0.13,0.041,0.96,< 0.002,0.66,0.035,< 0.3,0.29,8.5,0.036,6.7,34,0.0054,< 0.05,0.018,0.005,0.0028,0.024,< 2,0.011,0.18,0.012,13,0.024
DC-03,DEER C BL SCOTTS FLAT RES NR NEVADA CITY CA,3.91617E+14,1/27/2000,13:31,Laboratory Replicate,ND,79,< 20,5.6,25,< 0.07,0.007,3.3,0.035,0.29,0.62,< 0.4,< 0.2,0.4,0.028,0.017,0.0075,300,0.038,0.0067,0.41,0.16,0.25,0.0024,1,110,0.14,1.8,0.18,0.96,0.13,0.041,0.95,< 0.002,0.69,0.03,< 0.3,< 0.2,8.6,0.036,6.5,33,0.0049,< 0.05,0.015,0.006,0.0017,0.021,< 2,< 0.008,0.16,0.015,12,0.015
DC-08,UNNAMED TRIB TO DEER C A SCOTTS FLAT RES BL CASCI,3.91728E+14,1/27/2000,11:00,Environmental,ND,280,< 20,3.7,31,< 0.07,0.0134,4.6,0.021,0.75,0.2,< 0.4,< 0.2,0.75,0.071,0.044,0.019,240,0.066,0.016,1,0.31,0.55,0.0061,1.9,9.3,0.12,2.8,0.38,1.4,0.17,0.092,2.4,< 0.002,0.49,0.057,< 0.3,< 0.2,26,0.078,2.1,66,0.012,< 0.05,0.047,0.004,0.0062,0.054,< 2,< 0.008,0.36,0.039,3.9,0.087
DC-08,UNNAMED TRIB TO DEER C A SCOTTS FLAT RES BL CASCI,3.91728E+14,1/27/2000,11:01,Laboratory Replicate,ND,280,< 20,< 2,31,< 0.07,0.0045,4.7,0.015,0.76,0.18,< 0.4,< 0.2,0.75,0.06,0.038,0.019,260,0.076,0.015,1.1,0.32,0.61,0.0071,1.9,8.1,0.14,2.8,0.41,1.4,0.17,0.091,2.5,< 0.002,0.44,0.052,< 0.3,< 0.2,28,0.081,1.6,68,0.012,< 0.05,0.053,0.006,0.0058,0.055,1.7,0.009,0.38,0.037,2.7,0.096
LY-04,YUBA R NR SMARTSVILLE CA,11419600,12/11/2002,11:00,Environmental,ND,24,< 40 ,8.9,9.5,< 0.03 ,0.0188,9.5,0.03,0.059,< 0.01 ,< 7.0 ,< 0.2 ,0.68,0.008,0.0044,< 0.003 ,35,0.0081,0.0023,0.5,0.039,0.6,< 0.001 ,2.7,5.2,0.4,2.1,0.043,0.56,0.048,0.0085,0.52,< 0.002 ,1.5,0.2,ND,< 1 ,12,0.012,ND,50,0.001,< 0.07 ,< 0.008 ,< 0.02 ,< 0.001 ,0.046,< 10 ,< 0.05 ,0.055,0.004,2.6,< 0.01 
LY-04,YUBA R NR SMARTSVILLE CA,11419600,12/11/2002,11:01,Laboratory Replicate,ND,24,< 40 ,< 5 ,9.6,< 0.03 ,< 0.01 ,9.4,< 0.02 ,0.055,< 0.01 ,< 7.0 ,< 0.2 ,0.61,0.01,0.0042,< 0.003 ,36,< 0.005 ,0.0013,0.41,0.037,0.62,0.001,2.7,5.2,< 0.4 ,2.1,0.041,0.54,< 0.03 ,0.0084,0.51,< 0.002 ,1.6,< 0.2 ,ND,< 1 ,12,0.0045,ND,51,0.0012,< 0.07 ,< 0.008 ,< 0.02 ,< 0.001 ,0.044,< 10 ,< 0.05 ,0.056,< 0.003 ,39,< 0.01 
LY-05,YUBA R A DAQUERRA PT NR BROWNS VALLEY CA,11420800,12/10/2002,11:40,Environmental,ND,22,< 40 ,6.5,10,< 0.03 ,< 0.01 ,9.4,< 0.02 ,0.047,< 0.01 ,< 7.0 ,< 0.2 ,0.79,0.004,0.0075,< 0.003 ,37,0.0086,0.0025,0.52,0.036,0.76,0.0011,2.7,3.7,< 0.4 ,2.1,0.035,0.55,< 0.03 ,0.0073,0.51,< 0.002 ,1.7,< 0.2 ,ND,< 1 ,11,0.0082,ND,52,< 0.0008 ,< 0.07 ,< 0.008 ,< 0.02 ,< 0.001 ,0.038,< 10 ,< 0.05 ,0.048,0.0036,1.6,< 0.01 
LY-05,YUBA R A DAQUERRA PT NR BROWNS VALLEY CA,11420800,12/10/2002,11:41,Laboratory Replicate,ND,20,< 40 ,12,10,< 0.03 ,0.0138,9.6,< 0.02 ,0.048,< 0.01 ,7.7,< 0.2 ,0.66,0.01,0.0053,< 0.003 ,53,0.012,0.0016,0.53,0.031,0.61,0.0017,2.8,4.3,< 0.4 ,2.1,0.03,0.51,< 0.03 ,0.006,0.5,< 0.002 ,1.7,< 0.2 ,ND,< 1 ,12,0.0066,ND,51,0.0014,< 0.07 ,< 0.008 ,< 0.02 ,< 0.001 ,0.033,< 10 ,< 0.05 ,0.047,0.0082,2.2,< 0.01 
LY-08,YUBA R A MARYSVILLE CA,11421500,12/11/2002,10:00,Environmental,ND,25,< 40 ,5.2,12,< 0.03 ,< 0.01 ,10,< 0.02 ,0.042,< 0.01 ,< 7.0 ,< 0.2 ,0.53,0.007,< 0.004 ,< 0.003 ,51,0.0091,0.0009,0.51,0.024,0.56,< 0.001 ,3.3,13,< 0.4 ,2.2,0.02,0.4,< 0.03 ,0.0053,0.46,< 0.002 ,2.1,< 0.2 ,ND,< 1 ,11,0.0048,ND,56,< 0.0008 ,< 0.07 ,< 0.008 ,< 0.02 ,< 0.001 ,0.024,< 10 ,< 0.05 ,0.03,< 0.003 ,0.94,< 0.01 
LY-08,YUBA R A MARYSVILLE CA,11421500,12/11/2002,10:01,Laboratory Replicate,ND,27,< 40 ,13,13,< 0.03 ,< 0.01 ,10,< 0.02 ,0.043,< 0.01 ,< 7.0 ,< 0.2 ,0.52,0.005,< 0.004 ,< 0.003 ,53,0.0067,0.0012,0.47,0.025,0.6,< 0.001 ,3.4,13,< 0.4 ,2.4,0.026,0.42,< 0.03 ,0.0047,0.48,< 0.002 ,2.1,< 0.2 ,ND,< 1 ,12,< 0.004 ,ND,56,0.0013,< 0.07 ,< 0.008 ,< 0.02 ,< 0.001 ,0.024,< 10 ,< 0.05 ,0.034,0.0035,1.1,< 0.01 
LY-16,T POND IN YUBA GOLDFIELDS NR HAMMONTON CA,3.91259E+14,7/17/2003,13:00,Environmental,ND,1,2.1,1.9,37,0.005,< 0.001 ,7.5,0.005,0.012,0.048,< 0.07 ,< 0.01 ,0.28,0.0022,0.0018,< 0.0002 ,97,0.0022,0.0003,0.89,0.011,0.7,0.0002,2.3,10,ND,4.1,0.0086,< 0.1 ,< 0.009 ,0.0021,0.68,0.0037,0.51,0.016,ND,< 0.07 ,27,0.0032,ND,67,0.0003,0.005,0.0013,< 0.004 ,0.0002,0.0062,0.51,ND,0.016,0.0015,0.86,0.0046
LY-16,T POND IN YUBA GOLDFIELDS NR HAMMONTON CA,3.91259E+14,7/17/2003,13:01,Laboratory Replicate,ND,0.89,2.1,2.1,37,< 0.004 ,< 0.001 ,7.8,0.004,0.011,0.047,< 0.07 ,< 0.01 ,0.28,0.0021,0.0012,< 0.0002 ,90,0.0022,0.0003,0.91,0.011,0.69,0.0003,2.4,10,ND,4.1,0.0076,< 0.1 ,< 0.009 ,0.002,0.69,0.0038,0.52,< 0.01 ,ND,< 0.07 ,28,0.0029,ND,68,0.0003,0.005,0.0007,< 0.004 ,0.0003,0.0061,0.49,ND,0.016,0.0018,0.75,0.0039
MY-01,M YUBA R BL MILTON DAM CA,11408550,10/28/2002,12:00,Environmental,ND,8.3,< 30 ,6.1,6.6,< 0.04 ,< 0.01 ,4.8,< 0.01 ,0.019,< 0.02 ,< 3.0 ,< 0.10 ,0.46,< 0.005 ,< 0.005 ,< 0.002 ,139,< 0.004 ,< 0.001 ,0.83,0.017,0.53,< 0.0007 ,0.87,17,< 0.5 ,1.6,0.011,0.06,0.043,0.0036,2.1,< 0.002 ,0.44,< 0.2 ,ND,< 2 ,15,< 0.005 ,ND,42,< 0.0008 ,< 0.08 ,< 0.003 ,< 0.04 ,< 0.0005 ,0.021,< 9 ,< 0.05 ,0.017,< 0.002 ,2,< 0.02 
MY-01,M YUBA R BL MILTON DAM CA,11408550,10/28/2002,12:01,Laboratory Replicate,ND,7.3,< 30 ,< 4 ,6.8,< 0.04 ,< 0.01 ,4.9,< 0.01 ,0.025,< 0.02 ,< 3.0 ,< 0.10 ,0.62,< 0.005 ,< 0.005 ,< 0.002 ,144,0.0039,< 0.001 ,0.87,0.018,0.63,< 0.0007 ,0.91,17,< 0.5 ,1.6,0.015,< 0.1 ,0.046,0.0036,2.1,< 0.002 ,0.49,< 0.2 ,ND,< 2 ,16,< 0.005 ,ND,44,< 0.0008 ,< 0.08 ,< 0.003 ,< 0.04 ,< 0.0005 ,0.021,< 9 ,< 0.05 ,0.021,< 0.002 ,43,< 0.02 
MY-01,M YUBA R BL MILTON DAM CA,11408550,6/10/2003,10:30,Environmental,ND,15,82,11,6.1,< 0.06 ,0.0194,4.2,< 0.01 ,0.044,< 0.02 ,< 3.0 ,0.04,0.55,0.007,0.005,< 0.002 ,71,0.011,0.0011,0.58,0.035,0.38,0.0011,0.76,11,1.6,1.4,0.035,0.13,0.21,0.01,1.4,< 0.001 ,0.33,< 0.1 ,ND,< 0.6 ,15,< 0.008 ,ND,39,0.0011,< 0.06 ,< 0.003 ,< 0.08 ,0.0016,0.042,< 3 ,< 0.05 ,0.05,0.0092,1.4,0.055
MY-01,M YUBA R BL MILTON DAM CA,11408550,6/10/2003,10:31,Laboratory Replicate,ND,14,< 60 ,< 8 ,6,< 0.06 ,0.0167,4.3,0.02,0.044,< 0.02 ,< 3.0 ,< 0.04 ,0.53,0.008,0.0064,< 0.002 ,54,0.0057,0.003,0.68,0.034,0.37,0.0009,0.78,10,< 1.0 ,1.4,0.046,0.26,0.053,0.01,1.6,< 0.001 ,0.39,< 0.1 ,ND,< 0.6 ,15,0.0088,ND,39,0.0024,< 0.06 ,< 0.003 ,< 0.08 ,0.0016,0.027,< 3 ,< 0.05 ,0.052,0.0058,1.4,0.026
MY-02,M YUBA R NR ALLEGHANY CA,11408700,11/1/2002,12:20,Environmental,ND,3.3,< 40 ,8.8,9.9,< 0.04 ,< 0.01 ,22,< 0.01 ,0.007,< 0.02 ,< 7.0 ,< 0.10 ,0.25,< 0.005 ,< 0.005 ,< 0.002 ,< 20 ,< 0.004 ,< 0.001 ,0.38,0.0085,0.48,< 0.0007 ,3.1,0.18,< 0.5 ,2.3,0.0068,0.14,0.035,0.0013,0.66,< 0.002 ,1.6,< 0.2 ,ND,< 2 ,13,< 0.005 ,ND,105,< 0.0008 ,< 0.08 ,< 0.003 ,< 0.04 ,< 0.0005 ,0.78,< 10 ,< 0.05 ,0.0089,< 0.002 ,2.4,< 0.02 
MY-02,M YUBA R NR ALLEGHANY CA,11408700,11/1/2002,12:21,Laboratory Replicate,ND,3.2,< 40 ,< 5 ,11,< 0.04 ,0.0149,21,< 0.01 ,0.008,< 0.02 ,< 7.0 ,< 0.10 ,0.28,< 0.005 ,< 0.005 ,< 0.002 ,< 20 ,< 0.004 ,< 0.001 ,0.39,0.008,0.47,< 0.0007 ,3.2,0.18,< 0.5 ,2.2,< 0.004 ,0.08,< 0.02 ,0.001,0.69,< 0.002 ,1.5,< 0.2 ,ND,< 2 ,13,< 0.005 ,ND,107,< 0.0008 ,< 0.08 ,< 0.003 ,< 0.04 ,< 0.0005 ,0.81,< 10 ,< 0.05 ,0.0079,< 0.002 ,1.9,< 0.02 
MY-04,M YUBA R NR NORTH SAN JUAN CA,11410000,6/20/2001,10:30,Environmental,ND,51,< 90 ,24,20,< 0.02 ,< 0.01 ,16,0.09,0.089,0.083,< 3.0 ,0.21,1,0.012,< 0.005 ,< 0.002 ,97,0.012,0.0011,0.65,0.06,1.1,0.0009,4,11,< 0.5 ,3.6,0.044,1.3,0.2,0.014,1.2,0.002,2.5,0.43,ND,< 0.7 ,19,0.013,ND,94,0.0011,< 0.04 ,< 0.003 ,< 0.05 ,< 0.0009 ,0.1,< 3 ,0.057,0.046,0.0038,5,< 0.01 
MY-04,M YUBA R NR NORTH SAN JUAN CA,11410000,6/20/2001,10:31,Laboratory Replicate,ND,66,< 90 ,23,20,< 0.02 ,0.0128,14,0.1,0.11,0.1,< 3.0 ,0.21,1.1,0.009,< 0.005 ,0.0027,114,0.011,0.0015,0.67,0.062,1.2,0.001,3.9,12,0.59,3.7,0.059,1.4,0.2,0.015,1.2,0.0021,2.4,0.5,ND,< 0.7 ,18,0.012,ND,95,0.0011,< 0.04 ,< 0.003 ,< 0.05 ,< 0.0009 ,0.1,< 3 ,< 0.05 ,0.048,0.0031,4,< 0.01 
MY-04,M YUBA R NR NORTH SAN JUAN CA,11410000,10/21/2002,13:00,Environmental,ND,11,< 30 ,25,19,< 0.04 ,< 0.01 ,21,< 0.01 ,0.023,0.018,< 3.0 ,0.78,0.44,< 0.005 ,< 0.005 ,< 0.002 ,23,0.0049,< 0.001 ,0.59,0.015,1.2,< 0.0007 ,5.1,7.2,< 0.5 ,3.5,0.011,0.52,0.036,0.0022,0.89,< 0.002 ,3.6,0.3,ND,< 2 ,14,< 0.005 ,ND,115,< 0.0008 ,< 0.08 ,< 0.003 ,< 0.04 ,< 0.0005 ,0.32,< 9 ,< 0.05 ,0.013,< 0.002 ,1.8,< 0.02 
MY-04,M YUBA R NR NORTH SAN JUAN CA,11410000,10/21/2002,13:01,Laboratory Replicate,ND,9.4,< 30 ,33,19,< 0.04 ,< 0.01 ,21,< 0.01 ,0.023,< 0.02 ,< 3.0 ,< 0.10 ,0.42,< 0.005 ,< 0.005 ,< 0.002 ,22,0.0038,< 0.001 ,0.75,0.013,1.2,< 0.0007 ,5,7.3,< 0.5 ,4.1,0.013,0.39,0.052,0.0021,0.89,< 0.002 ,3.7,0.3,ND,< 2 ,14,< 0.005 ,ND,114,< 0.0008 ,< 0.08 ,< 0.003 ,< 0.04 ,< 0.0005 ,0.32,< 9 ,< 0.05 ,0.0087,< 0.002 ,1.6,< 0.02 
MY-07,M YUBA R AB COLGATE PH NR FRENCH CORRAL CA,3.9195E+14,10/25/2002,10:50,Environmental,ND,3.2,< 30 ,31,19,< 0.04 ,< 0.01 ,21,< 0.01 ,0.009,< 0.02 ,< 3.0 ,< 0.10 ,0.79,< 0.005 ,< 0.005 ,< 0.002 ,< 10 ,0.004,< 0.001 ,0.64,0.0073,1.5,< 0.0007 ,5.1,1.8,< 0.5 ,6.5,< 0.004 ,0.36,0.056,< 0.001 ,0.79,< 0.002 ,4,0.3,ND,< 2 ,14,< 0.005 ,ND,109,< 0.0008 ,< 0.08 ,< 0.003 ,< 0.04 ,< 0.0005 ,0.25,< 9 ,< 0.05 ,0.0079,< 0.002 ,1.7,< 0.02 
MY-07,M YUBA R AB COLGATE PH NR FRENCH CORRAL CA,3.9195E+14,10/25/2002,10:51,Laboratory Replicate,ND,4.2,< 30 ,30,19,< 0.04 ,< 0.01 ,18,< 0.01 ,0.009,0.018,< 3.0 ,0.19,0.59,< 0.005 ,< 0.005 ,< 0.002 ,< 10 ,< 0.004 ,< 0.001 ,0.68,0.0057,1.5,< 0.0007 ,4.6,1.7,0.6,5.5,< 0.004 ,0.37,0.057,< 0.001 ,0.8,0.002,3.8,0.3,ND,< 2 ,14,< 0.005 ,ND,109,< 0.0008 ,< 0.08 ,< 0.003 ,< 0.04 ,< 0.0005 ,0.26,< 9 ,< 0.05 ,0.0079,< 0.002 ,3,< 0.02 
SY-01,OMEGA EAST SHAFT (TUNNEL VENT SHAFT) NR WASHINGTON,3.92022E+14,4/30/1999,13:20,Environmental,0.011,25,0.48,< 9,74,0.03,0.0017,ND,0.079,0.43,7.1,< 0.3,0.012,0.65,0.038,0.02,0.01,ND,0.045,0.0076,ND,0.33,6,0.0025,ND,290,0.055,ND,0.25,12,0.046,0.068,3.4,0.0012,ND,0.01,ND,< 0.4,ND,0.043,ND,63,0.0063,< 0.007,0.0019,0.013,0.0024,0.021,0.091,ND,0.015,0.24,17,ND
SY-01,OMEGA EAST SHAFT (TUNNEL VENT SHAFT) NR WASHINGTON,3.92022E+14,4/30/1999,13:21,Laboratory Replicate,0.005,24,0.47,< 9,68,0.02,< 0.0007,ND,0.055,0.38,6.9,< 0.3,0.009,0.46,0.031,0.019,0.014,ND,0.042,0.0066,ND,0.29,5.8,0.0024,ND,330,0.027,ND,0.23,11,0.059,0.059,3.5,0.0009,ND,0.004,ND,< 0.4,ND,0.038,ND,64,0.0054,< 0.007,0.0017,0.01,0.0023,0.02,< 0.07,ND,0.014,0.24,15,ND
SY-03,OMEGA SOUTH TUNNEL NR WASHINGTON CA,3.9202E+14,4/30/1999,12:30,Environmental,0.016,37,0.19,1.1,52,0.043,< 0.0008,ND,0.038,0.73,3,0.29,0.012,1.7,0.081,0.042,0.019,ND,0.11,0.015,ND,0.67,4.8,0.0044,ND,190,0.026,ND,0.54,11,0.08,0.15,2.5,0.0005,ND,0.01,ND,< 0.08,ND,0.086,ND,45,0.016,< 0.004,0.0003,0.006,0.0049,0.011,< 0.06,ND,0.029,0.58,14,ND
SY-03,OMEGA SOUTH TUNNEL NR WASHINGTON CA,3.9202E+14,4/30/1999,12:31,Laboratory Replicate,0.009,38,0.19,< 9,55,0.04,0.001,ND,0.038,0.77,2.9,< 0.3,0.017,1,0.088,0.041,0.025,ND,0.11,0.017,ND,0.7,4.7,0.0043,ND,170,0.024,ND,0.6,12,0.025,0.16,2.6,0.0005,ND,0.004,ND,< 0.4,ND,0.1,ND,47,0.017,< 0.007,0.0007,0.007,0.0053,0.011,< 0.07,ND,0.029,0.59,13,ND
SY-04,OMEGA DR GULCH A SCOTCHMAN C NR WASHINGTON CA,3.92045E+14,6/8/1999,13:30,Environmental,0.003,3.2,0.16,< 4,5.4,< 0.006,< 0.003,6.8,0.007,0.074,< 0.003,< 0.2,0.004,0.32,0.012,0.0048,0.0032,< 2.0 ,0.013,0.0021,0.3,0.05,0.74,0.0003,1.8,0.59,0.097,2.6,0.053,0.79,0.01,0.013,0.22,< 0.0003,ND,0.01,ND,< 0.08,13,0.011,ND,50,0.0019,< 0.007,0.0004,0.0009,0.0007,0.022,< 0.07,ND,0.076,0.0045,0.99,0.0058
SY-04,OMEGA DR GULCH A SCOTCHMAN C NR WASHINGTON CA,3.92045E+14,6/8/1999,13:31,Laboratory Replicate,0.002,3.1,0.16,< 4,5.4,< 0.006,< 0.003,6.7,0.007,0.072,< 0.003,< 0.2,0.004,0.32,0.011,0.0062,0.003,2.1,0.012,0.0023,0.29,0.05,0.7,0.0005,1.8,0.58,0.095,2.5,0.058,0.75,0.008,0.013,0.22,< 0.0003,ND,0.01,ND,< 0.08,12,0.01,ND,50,0.002,< 0.007,0.0003,0.001,0.0007,0.024,< 0.07,ND,0.074,0.004,1,0.005
SY-05,SCOTCHMAN C AB OMEGA DR GULCH NR WASHINGTON CA,3.92042E+14,6/8/1999,14:30,Environmental,< 0.002,3.1,0.13,< 4,11,< 0.006,< 0.003,4.1,0.004,0.15,0.005,< 0.2,< 0.001,0.32,0.024,0.013,0.0064,2.6,0.027,0.0042,0.43,0.074,0.34,0.0015,1.2,0.71,0.057,1.9,0.11,0.53,0.004,0.024,0.71,< 0.0003,ND,0.013,ND,< 0.08,13,0.027,ND,41,0.0039,< 0.007,0.0008,0.0009,0.0018,0.013,0.21,ND,0.13,0.01,0.81,0.0032
SY-05,SCOTCHMAN C AB OMEGA DR GULCH NR WASHINGTON CA,3.92042E+14,6/8/1999,14:31,Laboratory Replicate,0.005,3.1,0.13,< 4,11,< 0.006,< 0.003,4.2,0.003,0.15,0.004,< 0.2,< 0.001,0.3,0.026,0.012,0.0075,4.4,0.028,0.0049,0.43,0.078,0.34,0.0018,1.2,0.71,0.046,1.9,0.11,0.5,0.005,0.026,0.7,< 0.0003,ND,0.011,ND,< 0.08,13,0.027,ND,41,0.0041,< 0.007,0.0004,0.002,0.0017,0.012,0.22,ND,0.13,0.011,0.53,0.0035
SY-06,ALPHA MINE RED TUNNEL NR WASHINGTON,3.92023E+14,12/16/1999,11:20,Environmental,ND,3.1,< 20,< 9,87,0.04,0.011,1.4,0.15,0.29,2.4,< 2.0,< 2.0,3.3,0.074,0.038,0.017,210,0.091,0.014,0.76,0.14,1.2,0.0054,0.61,140,< 0.06,0.5,0.18,6.4,0.13,0.043,2,0.0043,2.8,0.024,< 0.9,< 0.6,6.7,0.051,5.9,7.9,0.014,< 0.02,0.0094,0.031,0.0056,0.022,< 4,0.008,0.4,0.04,31,0.014
SY-06,ALPHA MINE RED TUNNEL NR WASHINGTON,3.92023E+14,12/16/1999,11:21,Laboratory Replicate,ND,3.1,< 20,< 9,58,< 0.03,< 0.004,1.4,0.19,0.19,2.5,< 2.0,< 2.0,3.3,0.053,0.035,0.012,220,0.065,0.012,0.81,0.097,1.5,0.0042,0.61,150,0.07,0.2,0.17,6.3,0.077,0.034,2.2,0.0021,2.8,0.029,< 0.9,< 0.6,6.9,0.042,5.1,9.7,0.0087,< 0.02,0.0067,0.03,0.0044,0.02,< 4,< 0.005,0.51,0.027,32,0.014
SY-11,ALPHA MINE PIT NR WASHINGTON CA,3.92015E+14,12/16/1999,10:30,Environmental,ND,3.1,< 20,< 9,47,< 0.03,0.0046,4.2,1,0.93,10,< 2.0,< 2.0,3.9,0.2,0.091,0.051,1200,0.23,0.034,0.87,0.35,3.6,0.016,2.6,440,0.14,0.4,0.68,29,0.65,0.15,1.9,0.0021,8.7,0.072,< 0.9,< 0.6,6.4,0.18,6.2,16,0.026,< 0.02,0.05,0.012,0.013,0.052,< 4,0.01,0.82,0.081,170,0.049
SY-11,ALPHA MINE PIT NR WASHINGTON CA,3.92015E+14,12/16/1999,10:31,Laboratory Replicate,ND,3.1,< 20,< 9,48,0.03,0.0076,4.5,1.1,0.87,11,< 2.0,< 2.0,3.9,0.18,0.1,0.057,1300,0.23,0.038,0.9,0.33,3.5,0.012,2.7,460,0.18,0.4,0.68,30,0.64,0.14,2,< 0.002,9.1,0.085,< 0.9,< 0.6,6.7,0.18,5.8,18,0.032,< 0.02,0.048,0.013,0.012,0.055,< 4,0.007,0.78,0.081,190,0.057
SY-21,MALAKOFF DIGGINGS FLD GREEN SHAFT DISCH NR BLMFLD,3.92152E+14,4/28/1999,16:30,Environmental,0.024,3.1,0.12,65,21,0.011,< 0.0008,ND,0.0055,0.0047,18,< 0.1,0.013,0.26,0.0005,0.001,< 0.0001,ND,< 0.0001,< 0.0001,ND,0.0051,16,0.0002,ND,4200,0.13,ND,< 0.0009,16,0.05,< 0.0002,4.3,0.0021,ND,0.012,ND,0.14,ND,0.0005,ND,860,0.0001,0.009,0.0002,0.002,0.0001,0.0018,< 0.06,ND,0.001,0.018,1,ND
SY-21,MALAKOFF DIGGINGS FLD GREEN SHAFT DISCH NR BLMFLD,3.92152E+14,4/28/1999,16:31,Laboratory Replicate,0.004,3.1,0.11,76,21,0.006,0.0009,ND,0.0047,0.0084,18,< 0.1,0.01,0.17,0.0005,0.0007,0.0046,ND,0.0007,0.0002,ND,0.0082,17,< 0.0001,ND,4600,0.12,ND,0.0028,18,0.038,0.0007,4.4,0.0019,ND,0.007,ND,0.087,ND,0.0008,ND,890,0.0002,0.009,0.0002,< 0.002,< 0.0001,0.0011,< 0.06,ND,0.0005,0.024,0.77,ND
SY-22,MALAKOFF DIGGINGS FLOODED RED SHAFT NR N BLMFLD,3.92155E+14,4/28/1999,16:00,Environmental,0.014,3.1,0.23,62,21,0.054,0.001,ND,0.016,0.16,130,< 0.1,0.072,0.31,0.014,0.0069,0.0019,ND,0.013,0.0034,ND,0.13,20,0.001,ND,4100,0.13,ND,0.038,140,0.033,0.011,5.6,0.0012,ND,0.008,ND,0.18,ND,0.0073,ND,650,0.0017,0.014,0.0005,0.07,0.001,0.0063,< 0.06,ND,0.0055,0.23,17,ND
SY-22,MALAKOFF DIGGINGS FLOODED RED SHAFT NR N BLMFLD,3.92155E+14,4/28/1999,16:01,Laboratory Replicate,0.011,3.1,0.22,61,21,0.045,< 0.0008,ND,0.01,0.16,180,< 0.1,0.073,0.24,0.012,0.0067,0.0022,ND,0.012,0.0029,ND,0.13,20,0.001,ND,4400,0.14,ND,0.037,150,0.017,0.01,5.7,0.0013,ND,0.008,ND,0.11,ND,0.0084,ND,850,0.0023,0.011,0.0003,0.066,0.0009,0.0059,< 0.06,ND,0.0058,0.24,17,ND
SY-22,MALAKOFF DIGGINGS FLOODED RED SHAFT NR N BLMFLD,3.92155E+14,12/1/1999,14:20,Environmental,ND,3.1,< 20,63,27,0.98,0.0182,39,0.15,41,150,< 2.0,< 2.0,2.6,3.8,2.2,0.9,110000,3.6,0.71,2.3,13,21,0.24,16,4000,1.9,8.9,15,170,1.1,3.4,6.3,0.0034,59,0.066,< 0.9,< 0.6,49,3.3,16,650,0.72,< 0.02,0.47,0.14,0.27,0.58,< 4,0.013,24,1.4,120,0.13
SY-22,MALAKOFF DIGGINGS FLOODED RED SHAFT NR N BLMFLD,3.92155E+14,12/1/1999,14:21,Laboratory Replicate,ND,3.1,< 20,72,27,1.1,0.0166,37,0.1,40,170,< 2.0,< 2.0,2.7,4.6,2.2,1,96000,4.2,0.79,2.2,13,19,0.23,15,3800,1.8,8.8,17,220,1.2,4.4,5.8,< 0.002,57,0.08,< 0.9,< 0.6,44,3.5,13,640,0.73,< 0.02,0.5,0.29,0.27,0.54,< 4,0.01,24,1.6,150,0.13
SY-23,MALAKOFF DIGGINGS HILLER TNNL DISCH N BLOOMFIELD,3.92204E+14,12/1/1999,12:20,Environmental,ND,3.1,< 20,12,75,0.19,0.0378,13,0.096,18,19,< 2.0,< 2.0,9.5,1.3,0.61,0.47,2500,1.9,0.23,3.5,7.9,4.6,0.086,7.7,690,0.11,2.5,8.8,43,2,2.1,6.6,0.0032,17,0.061,2.3,0.68,14,1.7,8.2,170,0.25,< 0.02,1.6,0.021,0.095,0.53,11,< 0.005,5.7,0.52,36,0.36
SY-23,MALAKOFF DIGGINGS HILLER TNNL DISCH N BLOOMFIELD,3.92204E+14,12/1/1999,12:21,Laboratory Replicate,ND,3.1,< 20,11,83,0.21,0.0523,13,0.088,19,20,< 2.0,< 2.0,12,1.6,0.65,0.45,2500,1.8,0.26,3.3,8,4.6,0.1,7.2,670,0.19,2.4,9.1,47,2.3,2.2,7.8,0.0038,16,0.069,2,1,14,1.7,7,200,0.28,< 0.02,1.7,0.017,0.094,0.58,8.5,0.007,5.8,0.56,34,0.48
SY-24,MALAKOFF DIGGINGS POND NR NORTH BLOOMFIELD CA,3.92201E+14,12/1/1999,11:00,Environmental,ND,3.1,< 20,< 9,11,0.04,0.0147,1,0.079,0.33,1.8,< 2.0,< 2.0,1.3,0.027,0.012,0.009,3700,0.031,0.0053,0.32,0.12,0.41,0.0018,0.53,57,0.2,0.3,0.16,2.4,1.6,0.039,0.73,< 0.002,0.73,0.091,< 0.9,< 0.6,0.8,0.037,7.7,11,0.0042,< 0.02,0.063,< 0.006,0.0025,0.011,< 4,0.005,0.14,0.016,16,0.14
SY-24,MALAKOFF DIGGINGS POND NR NORTH BLOOMFIELD CA,3.92201E+14,12/1/1999,11:01,Laboratory Replicate,ND,3.1,< 20,< 9,13,0.03,0.0103,0.9,0.038,0.37,1.8,< 2.0,< 2.0,1.2,0.029,0.016,0.011,3600,0.038,0.0061,0.31,0.14,0.33,0.0028,0.54,49,0.15,0.4,0.17,2.4,1.9,0.039,0.62,< 0.002,0.74,0.071,< 0.9,< 0.6,0.8,0.032,6.7,9.3,0.0063,< 0.02,0.048,< 0.006,0.0023,0.012,< 4,0.01,0.12,0.017,15,0.11
SY-25,MALAKOFF DIGGINGS LK CITY TNNL DISCH NR N BLMFLD,3.92111E+14,7/7/1999,13:00,Environmental,0.005,3.1,0.08,15,16,< 0.02,0.0008,ND,0.01,0.0024,< 0.004,< 0.3,0.032,0.16,< 0.0008,< 0.001,0.0011,ND,< 0.001,< 0.0002,ND,0.0024,1.6,< 0.0002,ND,4.3,0.11,ND,0.0028,1.5,0.007,0.0005,0.82,0.0005,ND,0.02,ND,< 0.4,ND,< 0.001,ND,110,< 0.0002,< 0.007,< 0.0004,0.002,< 0.0002,0.064,0.19,ND,< 0.0006,0.0078,1.4,ND
SY-25,MALAKOFF DIGGINGS LK CITY TNNL DISCH NR N BLMFLD,3.92111E+14,7/7/1999,13:01,Laboratory Replicate,0.003,3.1,0.09,17,17,< 0.02,< 0.0007,ND,0.011,0.002,< 0.004,< 0.3,0.034,0.2,< 0.0008,< 0.001,0.0006,ND,< 0.001,< 0.0002,ND,0.0023,1.6,< 0.0002,ND,4.2,0.13,ND,0.0023,1.2,0.011,0.0004,0.82,0.0005,ND,0.024,ND,< 0.4,ND,< 0.001,ND,110,< 0.0002,< 0.007,< 0.0004,0.002,< 0.0002,0.062,0.2,ND,< 0.0006,0.0075,1.5,ND
SY-27,MALAKOFF DIGGINGS N BLMFLD TNNL DISCH NR N BLMFLD,3.92051E+14,7/7/1999,11:30,Environmental,0.008,3.1,0.09,220,17,< 0.005,< 0.0008,ND,0.0016,0.0023,4.7,< 0.1,0.061,0.12,< 0.0005,< 0.0006,< 0.0001,ND,0.0007,< 0.0001,ND,0.0028,19,0.0001,ND,240,0.18,ND,0.0021,13,0.008,0.0004,2.8,0.0015,ND,0.011,ND,0.1,ND,0.0008,ND,500,< 0.0001,< 0.004,< 0.0002,0.006,< 0.0001,0.13,0.083,ND,< 0.0003,0.011,0.11,ND
SY-27,MALAKOFF DIGGINGS N BLMFLD TNNL DISCH NR N BLMFLD,3.92051E+14,7/7/1999,11:31,Laboratory Replicate,0.007,3.1,0.08,170,17,< 0.02,< 0.0007,ND,0.002,0.0019,4.4,< 0.3,0.059,1.2,< 0.0008,< 0.001,< 0.0004,ND,< 0.001,< 0.0002,ND,0.0024,17,< 0.0002,ND,210,0.16,ND,0.0022,11,< 0.006,0.0003,2.8,0.0013,ND,0.005,ND,< 0.4,ND,< 0.001,ND,510,< 0.0002,< 0.007,0.0005,0.007,< 0.0002,0.12,< 0.07,ND,< 0.0006,0.0093,0.28,ND
SY-29,RELIEF HILL DEEP BLUE TNNL OUTFLOW NR N BLOOMFIELD,3.92126E+14,5/20/1999,12:00,Environmental,0.021,3.1,0.17,26,48,0.2,0.0022,ND,0.55,2.2,120,< 0.1,0.049,0.7,0.16,0.11,0.031,ND,0.19,0.038,ND,2.5,46,0.0068,ND,3100,0.13,ND,0.79,450,0.011,0.2,4.7,0.0013,ND,0.016,ND,1.5,ND,0.12,ND,410,0.028,0.007,0.0005,0.024,0.0098,0.15,< 0.06,ND,0.042,2.1,240,ND
SY-29,RELIEF HILL DEEP BLUE TNNL OUTFLOW NR N BLOOMFIELD,3.92126E+14,5/20/1999,12:01,Laboratory Replicate,0.022,3.1,0.17,28,45,0.21,0.0052,ND,0.53,2,120,< 0.1,0.053,0.86,0.14,0.089,0.032,ND,0.19,0.032,ND,2.3,48,0.0075,ND,3000,0.15,ND,0.71,450,0.019,0.19,4.9,0.0003,ND,0.021,ND,0.56,ND,0.1,ND,420,0.025,0.006,0.0009,0.02,0.0094,0.15,0.073,ND,0.048,2.1,240,ND
SY-30,RELIEF HILL HYDR PIT MINE DR TNNL NR N BLOOMFIELD,3.92111E+14,9/1/1999,12:00,Environmental,0.029,3.1,0.31,< 275,37,1.3,< 0.0006,ND,0.83,72,193,0.27,0.086,48,6.6,3.2,1.8,ND,7.1,1.2,ND,35,44,0.31,ND,3149,0.062,ND,32,393,1.1,8,5.6,0.0023,ND,0.01,ND,1,ND,6.6,ND,353,1.2,< 0.01,0.037,0.044,0.4,1.4,< 0.1,ND,2.3,35,339,ND
SY-30,RELIEF HILL HYDR PIT MINE DR TNNL NR N BLOOMFIELD,3.92111E+14,9/1/1999,12:01,Laboratory Replicate,0.017,3.1,0.32,< 275,37,1.3,< 0.0006,ND,0.84,71,208,0.28,0.083,51,6.5,3.1,1.8,ND,7,1.2,ND,34,49,0.3,ND,3250,0.078,ND,32,410,1.1,8.3,5.9,0.0051,ND,0.008,ND,1.2,ND,6.5,ND,371,1.2,< 0.01,0.034,0.045,0.39,1.4,< 0.1,ND,2.2,37,359,ND
SY-33,LITTLE ROCK C .05 MI BL BLUE TENT RD NR NEVADA CTY,3.91726E+14,7/8/2003,13:00,Environmental,ND,ND,1.1,2.9,36,< 0.004 ,< 0.001 ,8.4,0.006,0.015,0.026,< 0.07 ,< 0.01 ,0.23,0.0031,0.0027,0.0005,5.4,0.0041,0.0008,0.84,0.011,0.19,0.0005,2.5,5.4,ND,2.6,0.012,< 0.1 ,< 0.009 ,0.0029,0.96,0.0012,0.58,0.038,ND,< 0.07 ,19,0.0032,ND,60,0.0007,< 0.004 ,0.001,0.009,0.0004,0.0047,0.24,ND,0.026,0.0031,1.1,0.0056
SY-33,LITTLE ROCK C .05 MI BL BLUE TENT RD NR NEVADA CTY,3.91726E+14,7/8/2003,13:01,Laboratory Replicate,ND,3.1,1.1,3,36,< 0.004 ,< 0.001 ,7.9,0.007,0.014,0.027,< 0.07 ,< 0.01 ,0.22,0.0029,0.0029,0.0009,3.9,0.0031,0.0007,0.83,0.011,0.17,0.0006,2.5,5.4,ND,2.4,0.015,< 0.1 ,< 0.009 ,0.0029,0.98,0.0007,0.53,0.033,ND,< 0.07 ,18,0.003,ND,61,0.0005,< 0.004 ,0.0012,0.009,0.0005,0.0048,0.24,ND,0.024,0.0031,1,0.013
SY-36,LITTLE ROCK C .9 MI BL BLUE TENT RD NR NEVADA CITY,3.91742E+14,7/12/2003,10:40,Environmental,ND,3.1,1.7,1.8,38,< 0.004 ,< 0.001 ,7.8,0.011,0.012,0.067,< 0.07 ,< 0.01 ,0.15,0.0024,0.0018,0.0002,49,0.0029,0.0005,0.88,0.01,0.69,0.0003,2.6,18,ND,3.9,0.0086,< 0.1 ,< 0.009 ,0.0022,0.66,0.0034,0.58,0.02,ND,< 0.07 ,27,0.0018,ND,71,0.0003,< 0.004 ,0.0012,< 0.004 ,0.0003,0.0057,0.45,ND,0.017,0.0018,0.55,0.0058
SY-36,LITTLE ROCK C .9 MI BL BLUE TENT RD NR NEVADA CITY,3.91742E+14,7/12/2003,10:41,Laboratory Replicate,ND,3.1,1.7,1.7,39,< 0.004 ,< 0.001 ,7.9,0.01,0.012,0.066,< 0.07 ,< 0.01 ,0.14,0.0022,0.0018,< 0.0002 ,48,0.003,0.0005,0.89,0.0099,0.65,0.0005,2.6,18,ND,4,0.01,< 0.1 ,< 0.009 ,0.0021,0.67,0.0039,0.61,0.015,ND,< 0.07 ,27,0.0027,ND,72,0.0003,0.005,0.0016,< 0.004 ,0.0002,0.0057,0.45,ND,0.016,0.0019,0.75,0.0053
SY-38,ROCK C AB LITTLE ROCK C NR NEVADA CITY CA,3.91756E+14,7/12/2003,12:30,Environmental,ND,3.1,0.12,2.4,25,< 0.004 ,< 0.001 ,2.9,< 0.002 ,0.039,0.039,< 0.07 ,< 0.01 ,0.15,0.0026,0.0032,0.001,19,0.0042,0.0009,0.82,0.019,0.31,0.0005,1.2,4.6,ND,2.2,0.023,< 0.1 ,< 0.009 ,0.0052,1.8,0.0005,0.2,0.015,ND,< 0.07 ,22,0.0053,ND,38,0.0007,< 0.004 ,0.0014,< 0.004 ,0.0004,0.0044,0.38,ND,0.027,0.0027,< 0.3 ,0.0073
SY-38,ROCK C AB LITTLE ROCK C NR NEVADA CITY CA,3.91756E+14,7/12/2003,12:31,Laboratory Replicate,ND,3.1,0.13,2.4,25,< 0.004 ,< 0.001 ,2.9,< 0.002 ,0.037,0.041,< 0.07 ,< 0.01 ,0.13,0.0029,0.003,0.0009,15,0.0044,0.0009,0.84,0.019,0.31,0.0005,1.2,4.7,ND,2,0.021,< 0.1 ,< 0.009 ,0.0044,1.8,0.0003,0.18,0.016,ND,< 0.07 ,21,0.0052,ND,39,0.0007,< 0.004 ,0.0013,< 0.004 ,0.0003,0.0041,0.39,ND,0.026,0.0038,< 0.3 ,0.0081
SY-39,ROCK C A ROCK C RD NR NEVADA CITY CA,3.9181E+14,7/10/2003,12:40,Environmental,ND,3.1,0.44,2.4,26,< 0.004 ,< 0.001 ,3.9,< 0.002 ,0.022,0.04,0.5,< 0.01 ,0.13,0.0028,0.0027,0.0008,51,0.0034,0.0007,0.86,0.015,0.36,0.0005,1.4,5,ND,2.6,0.016,0.6,< 0.009 ,0.0038,1.6,0.0007,0.25,0.016,ND,< 0.07 ,24,0.0046,ND,44,0.0005,< 0.004 ,0.0019,< 0.004 ,0.0003,0.004,0.38,ND,0.021,0.0024,3.9,0.0081
SY-39,ROCK C A ROCK C RD NR NEVADA CITY CA,3.9181E+14,7/10/2003,12:41,Laboratory Replicate,ND,3.1,0.44,2.6,27,0.007,< 0.001 ,3.7,< 0.002 ,0.021,0.04,0.53,< 0.01 ,0.13,0.004,0.0021,0.001,48,0.0034,0.0007,0.85,0.014,0.33,0.0004,1.4,5,ND,2.4,0.016,0.61,< 0.009 ,0.0037,1.6,0.0012,0.24,< 0.01 ,ND,< 0.07 ,22,0.0036,ND,45,0.0006,< 0.004 ,0.0015,< 0.004 ,0.0003,0.0041,0.39,ND,0.02,0.0023,3.8,0.0085
SY-40,LAKE VERA ROCK C ARM NR NEVADA CITY CA,3.91803E+14,6/26/2003,15:00,Environmental,ND,3.1,0.45,2.8,29,< 0.004 ,< 0.001 ,4.6,< 0.002 ,0.024,0.021,< 0.07 ,< 0.01 ,0.3,0.003,0.0023,0.0011,95,0.0039,0.0006,0.66,0.015,0.48,0.0005,1.5,4.1,ND,3,0.017,< 0.1 ,< 0.009 ,0.0039,1.2,0.0006,0.23,0.035,ND,< 0.07 ,22,0.0045,ND,52,0.0004,< 0.004 ,0.0025,< 0.004 ,0.0004,0.0072,0.45,ND,0.02,0.0024,0.35,0.014
SY-40,LAKE VERA ROCK C ARM NR NEVADA CITY CA,3.91803E+14,6/26/2003,15:01,Laboratory Replicate,ND,3.1,0.45,2.8,28,< 0.004 ,< 0.001 ,4.5,< 0.002 ,0.025,0.02,< 0.07 ,< 0.01 ,0.3,0.0033,0.002,0.0008,97,0.0039,0.0007,0.67,0.015,0.47,0.0005,1.5,4,ND,2.7,0.015,< 0.1 ,< 0.009 ,0.0038,1.2,0.0005,0.23,0.024,ND,< 0.07 ,21,0.0039,ND,52,0.0006,0.006,0.0021,< 0.004 ,0.0003,0.0074,0.45,ND,0.021,0.0024,0.42,0.012
SY-41,LAKE VERA IN THALWEG NR DAM NR NEVADA CITY CA,3.91807E+14,6/26/2003,14:30,Environmental,ND,3.1,0.46,3.9,29,< 0.004 ,< 0.001 ,4.6,< 0.002 ,0.023,0.018,< 0.07 ,< 0.01 ,0.28,0.0035,0.0019,0.001,91,0.0031,0.0007,0.66,0.014,0.49,0.0004,1.5,2.2,ND,3,0.015,< 0.1 ,< 0.009 ,0.0035,1.2,0.0007,0.23,0.017,ND,< 0.07 ,22,0.0042,ND,53,0.0004,< 0.004 ,0.0021,0.005,0.0004,0.0088,0.44,ND,0.019,0.0023,0.46,0.01
SY-41,LAKE VERA IN THALWEG NR DAM NR NEVADA CITY CA,3.91807E+14,6/26/2003,14:31,Laboratory Replicate,ND,3.1,0.44,2.8,30,< 0.004 ,< 0.001 ,4.6,< 0.002 ,0.024,0.018,< 0.07 ,< 0.01 ,0.28,0.003,0.0018,0.001,87,0.0037,0.0006,0.66,0.013,0.48,0.0003,1.5,2.2,ND,3,0.016,< 0.1 ,< 0.009 ,0.0036,1.2,0.0006,0.23,0.016,ND,< 0.07 ,22,0.0035,ND,53,0.0005,< 0.004 ,0.0019,0.004,0.0002,0.0082,0.43,ND,0.02,0.0023,1.6,0.0084
SY-42,LAKE VERA S SHORE NR NEVADA CITY CA,3.91802E+14,6/26/2003,15:30,Environmental,ND,3.1,0.46,2.6,27,< 0.004 ,< 0.001 ,4.4,< 0.002 ,0.022,0.021,< 0.07 ,< 0.01 ,0.38,0.0029,0.0023,0.0005,86,0.0029,0.0005,0.67,0.013,0.49,0.0005,1.5,3.8,ND,2.8,0.016,0.12,0.01,0.0034,1.2,0.0009,0.21,0.033,ND,< 0.07 ,21,0.004,ND,52,0.0005,< 0.004 ,0.0023,< 0.004 ,0.0003,0.0072,0.43,ND,0.018,0.0021,0.52,0.01
SY-42,LAKE VERA S SHORE NR NEVADA CITY CA,3.91802E+14,6/26/2003,15:31,Laboratory Replicate,ND,3.1,0.44,2.6,27,< 0.004 ,0.0058,4.5,< 0.002 ,0.02,0.018,< 0.07 ,< 0.01 ,0.34,0.0021,0.0018,0.0005,82,0.0028,0.0004,0.66,0.012,0.49,0.0003,1.5,3.8,ND,2.9,0.014,0.11,< 0.009 ,0.0032,1.2,0.0007,0.23,0.029,ND,< 0.07 ,22,0.0032,ND,52,0.0005,0.005,0.0019,< 0.004 ,0.0003,0.0069,0.41,ND,0.017,0.0022,0.41,0.0069
SY-44,S YUBA R AB LANGS CROSSING NR EMIGRANT GAP CA,3.91911E+14,10/31/2002,10:20,Environmental,ND,3.1,< 30 ,5,6,< 0.04 ,< 0.01 ,7.4,< 0.01 ,0.013,< 0.02 ,< 3.0 ,< 0.10 ,0.43,< 0.005 ,< 0.005 ,0.0022,17,< 0.004 ,< 0.001 ,0.38,0.0092,0.94,< 0.0007 ,0.63,1.5,1.5,1.6,0.0069,< 0.1 ,0.034,0.0015,0.77,0.0028,1.4,< 0.2 ,ND,< 2 ,8.4,< 0.005 ,ND,46,< 0.0008 ,< 0.08 ,< 0.003 ,< 0.04 ,< 0.0005 ,0.37,< 9 ,0.11,0.007,0.0023,2.5,< 0.02 
SY-44,S YUBA R AB LANGS CROSSING NR EMIGRANT GAP CA,3.91911E+14,10/31/2002,10:21,Laboratory Replicate,ND,3.1,< 30 ,4.2,6.3,< 0.04 ,0.011,7.8,< 0.01 ,0.01,< 0.02 ,< 3.0 ,< 0.10 ,0.52,< 0.005 ,< 0.005 ,< 0.002 ,17,< 0.004 ,< 0.001 ,0.4,0.0078,0.68,< 0.0007 ,0.66,1.5,1.8,1.5,0.0074,< 0.1 ,0.047,0.0016,0.78,< 0.002 ,1.5,< 0.2 ,ND,< 2 ,8.7,< 0.005 ,ND,44,< 0.0008 ,< 0.08 ,< 0.003 ,< 0.04 ,< 0.0005 ,0.38,< 9 ,0.11,0.0076,< 0.002 ,2.1,< 0.02 
SY-44,S YUBA R AB LANGS CROSSING NR EMIGRANT GAP CA,3.91911E+14,6/11/2003,10:40,Environmental,ND,3.1,< 60 ,< 8 ,4.7,< 0.06 ,0.012,2.5,< 0.01 ,0.052,0.059,< 3.0 ,< 0.04 ,0.49,0.004,0.0062,< 0.002 ,73,0.0086,0.0018,0.19,0.041,0.33,0.0013,0.36,5.2,< 1.0 ,1.2,0.044,4.3,0.071,0.01,0.58,< 0.001 ,0.25,< 0.1 ,ND,< 0.6 ,6.5,< 0.008 ,ND,19,0.001,< 0.06 ,< 0.003 ,< 0.08 ,< 0.001 ,0.027,< 3 ,< 0.05 ,0.046,0.0064,1.3,< 0.02 
SY-44,S YUBA R AB LANGS CROSSING NR EMIGRANT GAP CA,3.91911E+14,6/11/2003,10:41,Laboratory Replicate,ND,3.1,< 60 ,< 8 ,4.8,< 0.06 ,0.033,2.5,0.03,0.062,0.1,3.7,< 0.04 ,0.57,0.004,0.0049,< 0.002 ,77,0.0047,0.0018,0.24,0.041,0.27,0.0019,0.36,4.9,< 1.0 ,1.1,0.047,5.5,0.15,0.01,0.58,< 0.001 ,0.38,< 0.1 ,ND,< 0.6 ,6.6,0.014,ND,20,0.0015,< 0.06 ,< 0.003 ,< 0.08 ,< 0.001 ,0.031,< 3 ,< 0.05 ,0.043,0.0071,1.5,0.022
SY-45,S YUBA R BL POORMAN C NR WASHINGTON CA,3.92119E+14,11/5/2002,14:10,Environmental,ND,3.1,< 40 ,10,15,< 0.03 ,0.0176,11,< 0.02 ,0.03,< 0.01 ,< 7.0 ,< 0.2 ,0.44,< 0.003 ,< 0.004 ,< 0.003 ,< 20 ,< 0.005 ,0.0011,0.32,0.018,0.38,< 0.001 ,2.9,4.1,1.5,2.7,0.011,0.37,< 0.03 ,0.0024,0.53,< 0.002 ,2.3,< 0.2 ,ND,< 1 ,12,< 0.004 ,ND,58,< 0.0008 ,< 0.07 ,< 0.008 ,< 0.02 ,< 0.001 ,0.21,< 10 ,0.12,0.019,< 0.003 ,3.1,< 0.01 
SY-45,S YUBA R BL POORMAN C NR WASHINGTON CA,3.92119E+14,11/5/2002,14:11,Laboratory Replicate,ND,3.1,< 40 ,14,14,< 0.03 ,0.0138,10,< 0.02 ,0.034,< 0.01 ,< 7.0 ,< 0.2 ,0.67,0.004,0.0069,< 0.003 ,< 20 ,< 0.005 ,< 0.0006 ,0.41,0.019,0.71,< 0.001 ,2.7,3.3,1.5,2.8,0.015,0.42,0.06,0.0015,0.49,< 0.002 ,2.3,< 0.2 ,ND,< 1 ,11,< 0.004 ,ND,57,< 0.0008 ,< 0.07 ,< 0.008 ,< 0.02 ,< 0.001 ,0.21,< 10 ,0.12,0.016,< 0.003 ,5.2,< 0.01 
SY-46,S YUBA R A MISSOURI BAR NR NEVADA CITY CA,3.92025E+14,10/29/2002,11:00,Environmental,ND,3.1,< 30 ,14,21,< 0.04 ,< 0.01 ,13,< 0.01 ,0.017,< 0.02 ,< 3.0 ,1,0.92,0.006,< 0.005 ,< 0.002 ,15,< 0.004 ,< 0.001 ,0.45,0.014,0.79,< 0.0007 ,3.6,2.3,1.5,2.8,0.01,1.1,0.069,0.0028,0.65,< 0.002 ,2.5,< 0.2 ,ND,< 2 ,13,< 0.005 ,ND,66,0.0009,< 0.08 ,< 0.003 ,< 0.04 ,0.0009,0.14,< 9 ,0.12,0.013,< 0.002 ,2.8,< 0.02 
SY-46,S YUBA R A MISSOURI BAR NR NEVADA CITY CA,3.92025E+14,10/29/2002,11:01,Laboratory Replicate,ND,3.1,< 30 ,37,22,< 0.04 ,< 0.01 ,12,< 0.01 ,0.013,< 0.02 ,< 3.0 ,< 0.10 ,0.4,< 0.005 ,< 0.005 ,< 0.002 ,18,0.0064,< 0.001 ,0.37,0.011,0.81,< 0.0007 ,3.4,2.3,1.2,3.1,0.0084,0.93,0.023,0.0015,0.61,< 0.002 ,2.5,< 0.2 ,ND,< 2 ,12,< 0.005 ,ND,64,< 0.0008 ,< 0.08 ,< 0.003 ,< 0.04 ,< 0.0005 ,0.13,< 9 ,0.089,0.011,< 0.002 ,2.1,< 0.02 
SY-47,S YUBA R A EDWARDS CROSSING NR NEVADA CITY CA,3.91949E+14,1/28/2000,11:00,Environmental,ND,3.1,< 20,5.5,13,< 0.07,0.0065,6,0.019,0.2,0.16,< 0.4,< 0.2,0.64,0.025,0.017,0.0072,61,0.026,0.0059,0.35,0.12,0.44,0.0018,3,6.7,0.29,1.6,0.13,2.1,0.052,0.032,0.53,< 0.002,1.2,0.037,< 0.3,0.26,12,0.022,1.6,41,0.0037,< 0.05,0.031,< 0.003,0.0019,0.063,< 2,0.023,0.15,0.014,3.6,0.044
SY-48,S YUBA R AB PURDON CROSSING NR NEVADA CITY CA,3.91938E+14,10/21/2002,11:00,Environmental,ND,3.1,< 30 ,9.4,29,< 0.04 ,< 0.01 ,13,< 0.01 ,0.011,< 0.02 ,< 3.0 ,0.16,0.46,< 0.005 ,< 0.005 ,< 0.002 ,< 10 ,< 0.004 ,< 0.001 ,0.48,0.009,0.83,< 0.0007 ,3.5,1.3,1.2,3.1,0.007,0.76,< 0.02 ,< 0.001 ,0.82,< 0.002 ,3.2,< 0.2 ,ND,< 2 ,12,< 0.005 ,ND,73,< 0.0008 ,< 0.08 ,< 0.003 ,< 0.04 ,< 0.0005 ,0.093,< 9 ,0.09,0.0056,< 0.002 ,3,< 0.02 
SY-48,S YUBA R AB PURDON CROSSING NR NEVADA CITY CA,3.91938E+14,10/21/2002,11:01,Laboratory Replicate,ND,3.1,< 30 ,15,26,< 0.04 ,0.012,13,< 0.01 ,0.011,< 0.02 ,< 3.0 ,0.16,0.74,< 0.005 ,< 0.005 ,< 0.002 ,< 10 ,< 0.004 ,< 0.001 ,0.5,0.0069,0.87,< 0.0007 ,3.5,1.4,1.1,3,0.005,0.81,0.051,0.001,0.9,0.0026,3.1,< 0.2 ,ND,< 2 ,13,< 0.005 ,ND,80,< 0.0008 ,< 0.08 ,< 0.003 ,< 0.04 ,< 0.0005 ,0.096,< 9 ,0.065,0.0074,< 0.002 ,2.5,< 0.02 
SY-50,S YUBA R A BRIDGEPORT CA,3.91734E+14,10/23/2002,13:50,Environmental,ND,3.1,< 30 ,16,27,< 0.04 ,0.0139,13,< 0.01 ,0.012,< 0.02 ,< 3.0 ,< 0.10 ,0.86,< 0.005 ,< 0.005 ,< 0.002 ,< 10 ,< 0.004 ,< 0.001 ,0.49,0.0063,0.91,< 0.0007 ,3.8,1.3,1,4.2,0.0058,0.25,0.047,0.0021,0.83,< 0.002 ,3.8,< 0.2 ,ND,< 2 ,13,< 0.005 ,ND,79,< 0.0008 ,< 0.08 ,< 0.003 ,< 0.04 ,< 0.0005 ,0.097,< 9 ,0.06,0.013,< 0.002 ,1.2,< 0.02 
SY-50,S YUBA R A BRIDGEPORT CA,3.91734E+14,10/23/2002,13:51,Laboratory Replicate,ND,3.1,< 30 ,15,28,< 0.04 ,0.0124,14,< 0.01 ,0.012,< 0.02 ,< 3.0 ,< 0.10 ,0.85,< 0.005 ,< 0.005 ,< 0.002 ,17,< 0.004 ,< 0.001 ,0.47,0.01,1.1,< 0.0007 ,3.9,1.3,1,3.7,0.0088,0.24,0.068,0.0019,0.83,< 0.002 ,3.5,< 0.2 ,ND,< 2 ,12,< 0.005 ,ND,77,< 0.0008 ,< 0.08 ,< 0.003 ,< 0.04 ,< 0.0005 ,0.086,< 9 ,0.062,0.01,< 0.002 ,3.3,< 0.02 
SY-52,BLUE HOLE LK A SAILOR FLAT MINE NR NEVADA CITY CA,3.91937E+14,8/24/1999,11:00,Environmental,0.045,3.1,0.5,< 275,31,1.5,0.0007,ND,1,36,50,1,0.42,21,3.6,1.9,0.96,ND,3.8,0.7,ND,14,42,0.2,ND,259,0.051,ND,18,113,3.5,4.4,13,0.0067,ND,0.012,ND,0.71,ND,3.6,ND,56,0.61,< 0.01,0.026,0.11,0.26,1.4,< 0.1,ND,1.5,21,187,ND
SY-52,BLUE HOLE LK A SAILOR FLAT MINE NR NEVADA CITY CA,3.91937E+14,8/24/1999,11:01,Laboratory Replicate,0.067,3.1,0.49,< 275,32,1.4,0.0013,ND,1,36,48,0.88,0.42,21,3.7,1.9,0.95,ND,3.9,0.71,ND,14,39,0.2,ND,255,0.062,ND,18,109,3.6,4.4,12,0.0083,ND,0.013,ND,0.71,ND,3.7,ND,53,0.64,< 0.01,0.025,0.12,0.26,1.5,< 0.1,ND,1.4,20,178,ND
